1,Tesmond, Adelina,atesmond0@friendfeed.com,1.140.67.220
3,Pinyon, Darill,dpinyon2@ustream.tv,28.162.157.195
4,Alford, Yalonda,yalford3@vimeo.com,28.167.104.195
5,Siggery, Packston,psiggery4@china.com.cn,213.166.218.75
7,Larking, Melvyn,mlarking6@tumblr.com,93.212.59.226
8,Kayzer, Jillene,jkayzer7@va.gov,164.109.24.16
9,Dunford, Shay,sdunford8@stanford.edu,223.165.1.120
10,Hullot, Bria,bhullot9@mac.com,214.59.118.108
11,Tolan, Job,jtolana@wix.com,13.96.167.194
12,Gogan, Modestia,mgoganb@nasa.gov,47.131.73.79
13,Lingfoot, Cortie,clingfootc@drupal.org,84.191.245.202
15,Saldler, Pierette,psaldlere@soup.io,51.48.99.244
16,Rival, Catarina,crivalf@example.com,230.215.229.113
17,Tupp, Johnathon,jtuppg@dailymail.co.uk,208.119.159.175
18,Buscombe, Lissie,lbuscombeh@tiny.cc,8.161.33.74
19,Golton, Perrine,pgoltoni@admin.ch,212.5.67.206
20,Bilsford, Denise,dbilsfordj@opera.com,143.114.236.40
21,Wonham, Wainwright,wwonhamk@spiegel.de,151.79.203.74
22,Portman, Almire,aportmanl@columbia.edu,85.69.93.228
23,Slane, Mira,mslanem@ihg.com,37.58.169.115
25,Qualtrough, Xymenes,xqualtrougho@psu.edu,56.94.43.87
26,Favell, Gerti,gfavellp@google.com.au,236.20.60.181
27,Reimer, Cathi,creimerq@wikia.com,167.202.200.8
29,Glenny, Orazio,oglennys@mysql.com,179.0.117.206
31,Kiddell, Raimund,rkiddellu@ustream.tv,75.203.139.124
33,I'anson, Reba,riansonw@surveymonkey.com,60.125.113.128
34,Ovington, Carline,covingtonx@nature.com,185.21.29.133
35,Djordjevic, Debbi,ddjordjevicy@yelp.com,173.28.30.20
37,Amort, Nataline,namort10@dagondesign.com,117.237.43.96
38,Fonte, Kettie,kfonte11@virginia.edu,94.154.10.109
39,Stanyland, Michaeline,mstanyland12@tuttocitta.it,248.250.251.9
40,Zanazzi, Etta,ezanazzi13@goo.ne.jp,13.124.195.248
41,Parrot, Heather,hparrot14@walmart.com,234.198.20.232
43,Jerrems, Ingram,ijerrems16@facebook.com,170.142.157.9
45,Feighney, Melly,mfeighney18@abc.net.au,96.182.81.185
47,Ingre, Janith,jingre1a@illinois.edu,221.206.132.143
48,Demko, Naomi,ndemko1b@theglobeandmail.com,72.153.40.216
49,Idenden, Almeda,aidenden1c@squidoo.com,214.15.64.85
50,Kittman, Florette,fkittman1d@cmu.edu,186.98.119.18
51,Willatts, Nissy,nwillatts1e@gov.uk,64.242.41.40
53,Larroway, Shaughn,slarroway1g@mozilla.com,21.171.107.50
54,Titford, Margaux,mtitford1h@cbslocal.com,72.121.185.205
55,Giral, Kali,kgiral1i@privacy.gov.au,227.97.65.210
56,Brass, Mack,mbrass1j@google.pl,53.254.93.130
57,Fragino, Winona,wfragino1k@bigcartel.com,199.139.138.74
59,McInerney, Avrom,amcinerney1m@pcworld.com,27.168.116.134
60,Raffin, Bette,braffin1n@opensource.org,53.235.243.140
61,Kissack, Issy,ikissack1o@house.gov,96.196.171.37
63,Ireson, Kipper,kireson1q@epa.gov,115.31.192.212
64,Feldstern, Myrna,mfeldstern1r@blinklist.com,56.78.224.125
65,MacMorland, Thomasine,tmacmorland1s@wikimedia.org,237.184.177.102
67,Ayllett, Easter,eayllett1u@pcworld.com,73.129.122.17
69,Brodbin, Casi,cbrodbin1w@jigsy.com,70.230.71.99
71,Rijkeseis, Reiko,rrijkeseis1y@cargocollective.com,186.129.203.234
73,Sexti, Pieter,psexti20@vistaprint.com,181.99.64.54
74,Connechie, Nicoli,nconnechie21@freewebs.com,64.194.246.179
75,Castagnet, Elysee,ecastagnet22@over-blog.com,186.97.238.12
77,Marwood, Eveleen,emarwood24@51.la,225.101.124.119
79,Rhymes, Marlow,mrhymes26@friendfeed.com,163.209.55.62
81,Vasyaev, Eba,evasyaev28@ehow.com,56.109.130.103
82,Alyokhin, Eleanore,ealyokhin29@elegantthemes.com,70.13.33.189
83,Oulet, Adoree,aoulet2a@pbs.org,61.32.88.203
85,Izatson, Marie,mizatson2c@imageshack.us,149.57.44.116
87,Seyers, Berti,bseyers2e@drupal.org,245.69.34.139
88,Munn, Lucinda,lmunn2f@tumblr.com,249.111.123.237
89,Fealey, Monique,mfealey2g@msn.com,180.247.245.209
91,Greiswood, Arlen,agreiswood2i@sciencedaily.com,14.99.109.85
93,Keilloh, Hirsch,hkeilloh2k@linkedin.com,13.171.192.181
95,Ebbin, Corinna,cebbin2m@amazonaws.com,185.201.110.47
96,Warbrick, Luelle,lwarbrick2n@nih.gov,107.190.218.177
97,Dunkerton, Claiborne,cdunkerton2o@cbslocal.com,239.120.95.209
98,Verrick, Alison,averrick2p@buzzfeed.com,102.150.19.141
99,Northall, Peria,pnorthall2q@cmu.edu,27.20.57.246
100,Croyser, Luci,lcroyser2r@addtoany.com,52.199.118.127
