id,first_name,last_name,email,gender,ip_address
1101,Darryl,Hartly,dhartly0@rakuten.co.jp,Male,65.172.241.7
1102,Kass,Dolle,kdolle1@cam.ac.uk,Female,212.211.42.238
1103,Pincas,Dupoy,pdupoy2@yale.edu,Male,236.36.149.90
1104,Esme,Beynon,ebeynon3@engadget.com,Male,43.6.40.147
1105,Marian,Goodliff,mgoodliff4@google.fr,Female,117.193.126.103
1106,Madeleine,Whiteside,mwhiteside5@gmpg.org,Genderfluid,94.26.220.66
1107,Tyrone,Domnick,tdomnick6@bluehost.com,Male,90.166.136.37
1108,Max,Bigley,mbigley7@ucoz.ru,Female,202.50.56.20
1109,Reynard,Speenden,rspeenden8@guardian.co.uk,Male,144.202.149.13
1110,Berti,Angeau,bangeau9@yale.edu,Female,139.76.250.158
1111,Guthrie,Spehr,gspehra@tinyurl.com,Male,61.91.182.172
1112,Myrvyn,Bygrove,mbygroveb@foxnews.com,Male,31.115.219.89
1113,Boycie,MacArthur,bmacarthurc@home.pl,Male,157.205.26.95
1114,Cesya,Meriet,cmerietd@xing.com,Female,217.196.18.85
1115,Armstrong,Nelson,anelsone@microsoft.com,Male,38.204.209.18
1116,Pierette,Wadsworth,pwadsworthf@addthis.com,Female,189.245.210.50
1117,Clint,Gaitley,cgaitleyg@wix.com,Male,239.118.66.158
1118,Katya,Losseljong,klosseljongh@unicef.org,Female,226.132.151.34
1119,Amalee,Miche,amichei@cbsnews.com,Female,149.165.223.168
1120,Fremont,Swinnard,fswinnardj@sciencedirect.com,Male,104.104.140.181
1121,Anne,Klulik,aklulikk@1und1.de,Female,164.216.95.127
1122,Evelina,Dearl,edearll@cisco.com,Female,20.84.157.52
1123,Alleen,Nanson,anansonm@ebay.com,Genderqueer,246.38.7.190
1124,Salvatore,Padbury,spadburyn@craigslist.org,Non-binary,218.253.140.188
1125,Theda,Decourt,tdecourto@umn.edu,Female,82.93.87.248
1126,Reinhard,Waltho,rwalthop@sphinn.com,Male,189.64.189.182
1127,Emilio,Layus,elayusq@sciencedirect.com,Male,158.67.13.243
1128,Rafaellle,Kalisch,rkalischr@wikipedia.org,Male,11.127.91.107
1129,Reamonn,Sanbroke,rsanbrokes@constantcontact.com,Male,123.0.224.216
1130,Hiram,Dowrey,hdowreyt@flavors.me,Male,186.123.159.126
1131,Merilyn,Marzelli,mmarzelliu@eepurl.com,Female,244.237.254.245
1132,Darcie,Bartosinski,dbartosinskiv@netvibes.com,Female,134.68.235.222
1133,Chance,Elldred,celldredw@jiathis.com,Male,23.223.48.47
1134,Brooks,Foottit,bfoottitx@shareasale.com,Male,180.25.196.64
1135,Benn,Prott,bprotty@timesonline.co.uk,Male,49.144.220.70
1136,Karole,Flather,kflatherz@army.mil,Female,165.129.96.78
1137,Jean,Dainter,jdainter10@europa.eu,Male,28.25.21.50
1138,Kennedy,Binny,kbinny11@acquirethisname.com,Male,220.75.42.52
1139,Scotti,Cockerill,scockerill12@go.com,Male,198.34.198.125
1140,Ewen,Postlewhite,epostlewhite13@paypal.com,Male,15.192.200.116
1141,Nat,Marians,nmarians14@behance.net,Female,235.99.191.178
1142,Husain,Radmore,hradmore15@myspace.com,Male,179.170.255.245
1143,Hamish,Mingo,hmingo16@i2i.jp,Male,77.97.167.147
1144,Bogart,Fenners,bfenners17@businessweek.com,Male,154.142.113.211
1145,Tilly,Brignell,tbrignell18@cmu.edu,Female,90.72.124.125
1146,Hi,Hinckesman,hhinckesman19@dailymotion.com,Agender,154.75.7.144
1147,Bidget,Grisley,bgrisley1a@tmall.com,Female,219.234.202.64
1148,Holly,Fattore,hfattore1b@etsy.com,Male,113.7.217.59
1149,Carolina,Raimbauld,craimbauld1c@scribd.com,Female,156.158.241.156
1150,Barbee,McGarvie,bmcgarvie1d@wiley.com,Female,125.184.174.88
1151,Katy,Martins,kmartins1e@hatena.ne.jp,Female,71.139.40.205
1152,Dunn,Wainman,dwainman1f@meetup.com,Male,150.3.221.57
1153,Barby,Cocozza,bcocozza1g@gov.uk,Non-binary,124.8.1.112
1154,Curry,Killby,ckillby1h@baidu.com,Male,164.142.101.239
1155,Tami,Hanshawe,thanshawe1i@ft.com,Female,254.133.170.208
1156,Candie,Tew,ctew1j@paginegialle.it,Female,240.78.103.36
1157,Leighton,Seeman,lseeman1k@e-recht24.de,Polygender,119.106.73.175
1158,Calley,Allitt,callitt1l@uiuc.edu,Female,144.91.177.177
1159,Broddy,Hancox,bhancox1m@prweb.com,Male,220.58.170.34
1160,Godiva,Suttell,gsuttell1n@livejournal.com,Female,209.94.83.101
1161,Barnabe,Girkins,bgirkins1o@multiply.com,Male,77.237.248.53
1162,Elnar,Smoth,esmoth1p@1688.com,Male,130.234.116.109
1163,Sutherland,Bettleson,sbettleson1q@yahoo.co.jp,Male,186.58.132.3
1164,Cchaddie,Seden,cseden1r@java.com,Male,150.41.86.45
1165,Annecorinne,Bentjens,abentjens1s@vk.com,Genderfluid,93.165.11.114
1166,Alano,Attack,aattack1t@bing.com,Male,103.88.236.38
1167,Grant,Sully,gsully1u@sciencedirect.com,Male,13.204.237.158
1168,Taite,Shevelin,tshevelin1v@tiny.cc,Male,220.28.156.172
1169,Edan,Enefer,eenefer1w@i2i.jp,Male,143.16.57.131
1170,Nehemiah,Thunderman,nthunderman1x@facebook.com,Male,152.21.227.118
1171,Hakim,Borges,hborges1y@cnet.com,Male,37.111.126.103
1172,Corette,Muzzlewhite,cmuzzlewhite1z@homestead.com,Female,44.175.72.26
1173,Gardiner,Parnby,gparnby20@shop-pro.jp,Male,178.25.97.196
1174,Sileas,Saffrin,ssaffrin21@barnesandnoble.com,Female,144.136.118.221
1175,Bertha,Winch,bwinch22@bigcartel.com,Female,202.251.183.25
1176,Gabby,Rudeforth,grudeforth23@chronoengine.com,Male,203.22.19.21
1177,Everett,Destouche,edestouche24@go.com,Male,63.104.255.54
1178,Claudette,Mc Corley,cmccorley25@mtv.com,Female,161.162.169.209
1179,Cob,Fahy,cfahy26@sciencedaily.com,Male,196.168.159.46
1180,Cassandra,Waddilow,cwaddilow27@ow.ly,Female,110.74.80.36
1181,Katya,Wintringham,kwintringham28@fda.gov,Female,43.65.217.148
1182,Edeline,Grinsdale,egrinsdale29@ustream.tv,Female,214.50.95.119
1183,Micki,Balaison,mbalaison2a@accuweather.com,Female,124.30.84.93
1184,Raviv,Denisevich,rdenisevich2b@zimbio.com,Male,67.195.85.33
1185,Kerrie,Blune,kblune2c@eepurl.com,Polygender,57.181.206.86
1186,Berri,Durling,bdurling2d@indiegogo.com,Female,96.32.78.145
1187,Adrian,Rudolfer,arudolfer2e@blog.com,Genderfluid,253.166.115.190
1188,Rosemarie,Koschek,rkoschek2f@mtv.com,Female,137.121.134.234
1189,Aloysius,Petlyura,apetlyura2g@jiathis.com,Male,154.212.229.2
1190,Rozella,Lerhinan,rlerhinan2h@wikipedia.org,Female,219.225.206.229
1191,Ainslie,Sowle,asowle2i@state.gov,Female,11.237.66.88
1192,Andrew,Woolmington,awoolmington2j@deviantart.com,Male,155.75.209.89
1193,Franzen,Sancraft,fsancraft2k@yahoo.co.jp,Male,31.116.47.37
1194,Elva,Jelliman,ejelliman2l@github.com,Female,239.1.117.100
1195,Gearard,Giamitti,ggiamitti2m@patch.com,Bigender,205.182.36.50
1196,Charmaine,Hawkswell,chawkswell2n@skyrock.com,Female,182.251.146.112
1197,Callie,Kinder,ckinder2o@chron.com,Female,69.66.225.9
1198,Madlen,Thurling,mthurling2p@cargocollective.com,Bigender,210.115.77.49
1199,Orton,Shrieves,oshrieves2q@aol.com,Male,217.101.117.202
1200,Kelly,Shooter,kshooter2r@thetimes.co.uk,Male,136.5.246.155
1201,Buddie,Rowberry,browberry2s@nymag.com,Male,4.5.135.219
1202,Kerry,Ginnety,kginnety2t@linkedin.com,Male,108.20.93.80
1203,Ritchie,Ruthen,rruthen2u@utexas.edu,Male,215.97.169.252
1204,Falkner,Meier,fmeier2v@flavors.me,Male,11.117.5.5
1205,Arleen,Arthy,aarthy2w@indiatimes.com,Female,62.255.39.235
1206,Anni,Astley,aastley2x@discovery.com,Female,228.10.96.10
1207,Birk,Twidle,btwidle2y@nih.gov,Male,8.48.67.48
1208,Glenine,Drable,gdrable2z@mapquest.com,Female,166.98.64.33
1209,Shawna,Bracci,sbracci30@toplist.cz,Female,133.140.118.20
1210,Anette,Dearnaly,adearnaly31@chron.com,Female,248.25.248.148
1211,Dyann,Potteril,dpotteril32@nasa.gov,Female,52.37.229.195
1212,Thomasine,Keford,tkeford33@nifty.com,Female,20.185.90.170
1213,Shayne,Gonnard,sgonnard34@studiopress.com,Male,188.234.243.34
1214,Kenton,Crilley,kcrilley35@dailymail.co.uk,Male,145.3.42.41
1215,Rikki,Bachelor,rbachelor36@google.com,Female,31.22.233.115
1216,Clarita,Bockler,cbockler37@alibaba.com,Female,12.230.69.173
1217,Des,Lawler,dlawler38@xinhuanet.com,Male,223.166.123.167
1218,Ogdon,Simcox,osimcox39@webnode.com,Male,8.13.243.149
1219,Felike,Buret,fburet3a@tripadvisor.com,Male,105.118.0.200
1220,Matilda,Nisbith,mnisbith3b@census.gov,Female,151.131.209.154
1221,Giorgio,Ballance,gballance3c@senate.gov,Male,100.226.63.203
1222,Deonne,Picken,dpicken3d@jalbum.net,Female,98.38.112.160
1223,Antonino,Mustarde,amustarde3e@exblog.jp,Male,24.78.103.226
1224,Duffy,Skeleton,dskeleton3f@purevolume.com,Male,134.107.139.118
1225,Jerome,Benedyktowicz,jbenedyktowicz3g@umich.edu,Male,91.38.208.127
1226,Bethena,MacCollom,bmaccollom3h@reverbnation.com,Female,100.101.123.204
1227,Ami,Amiable,aamiable3i@indiegogo.com,Female,122.1.130.72
1228,Humphrey,Feaveryear,hfeaveryear3j@pbs.org,Male,208.1.200.152
1229,Smith,Phizacklea,sphizacklea3k@blinklist.com,Polygender,119.108.2.68
1230,Bennie,Casillas,bcasillas3l@prlog.org,Bigender,69.52.78.11
1231,Noak,Maior,nmaior3m@sakura.ne.jp,Male,215.129.221.15
1232,Bentley,Wearing,bwearing3n@narod.ru,Male,64.166.139.246
1233,Sloane,Sich,ssich3o@nhs.uk,Genderfluid,220.68.66.200
1234,Duke,Magill,dmagill3p@ehow.com,Male,0.234.22.106
1235,Milly,Titman,mtitman3q@fc2.com,Female,185.247.117.208
1236,Doralynne,Humby,dhumby3r@oracle.com,Female,220.91.35.51
1237,Paulette,Kleisle,pkleisle3s@hc360.com,Female,135.167.187.41
1238,Katheryn,Stickney,kstickney3t@people.com.cn,Female,100.210.108.60
1239,Rutledge,Ciani,rciani3u@dedecms.com,Male,158.21.97.43
1240,Hashim,Guite,hguite3v@cpanel.net,Male,116.37.42.34
1241,Rebeka,Arondel,rarondel3w@desdev.cn,Female,46.70.197.161
1242,Maritsa,Cargenven,mcargenven3x@nhs.uk,Female,109.153.150.244
1243,Kelli,Flaxon,kflaxon3y@illinois.edu,Female,244.67.234.10
1244,Jodi,McDonell,jmcdonell3z@forbes.com,Genderfluid,119.42.140.63
1245,Willdon,Jarrad,wjarrad40@icq.com,Male,67.173.160.80
1246,Arlan,Berge,aberge41@npr.org,Male,4.156.218.217
1247,Gerard,Ritson,gritson42@businessweek.com,Male,34.103.128.100
1248,Leif,Vampouille,lvampouille43@phpbb.com,Male,145.40.199.214
1249,Lynda,Caldicot,lcaldicot44@jimdo.com,Female,118.132.204.18
1250,Kassi,Withers,kwithers45@who.int,Female,48.117.187.245
1251,Abeu,Shackelton,ashackelton46@vkontakte.ru,Male,169.120.158.156
1252,Jodie,Consadine,jconsadine47@miitbeian.gov.cn,Male,88.116.251.0
1253,Bernadine,Byron,bbyron48@facebook.com,Female,62.18.112.148
1254,Tammie,Nazair,tnazair49@oaic.gov.au,Female,192.221.70.155
1255,Deb,Duggen,dduggen4a@yellowbook.com,Female,104.210.48.13
1256,Mattie,Drains,mdrains4b@aol.com,Male,8.41.59.160
1257,Tobey,Flowers,tflowers4c@bravesites.com,Female,60.45.11.227
1258,Jodi,Semper,jsemper4d@twitpic.com,Male,5.120.171.76
1259,Katerina,Schultheiss,kschultheiss4e@cnn.com,Female,179.83.125.154
1260,Estel,Tollerton,etollerton4f@t-online.de,Female,226.98.139.179
1261,Merwin,Clery,mclery4g@aboutads.info,Male,51.221.251.149
1262,Lyn,Goodall,lgoodall4h@theatlantic.com,Female,147.83.235.201
1263,Ulrick,Geroldi,ugeroldi4i@plala.or.jp,Male,225.65.193.105
1264,Karoly,Saggers,ksaggers4j@usgs.gov,Male,99.179.103.69
1265,Christos,McSporon,cmcsporon4k@msn.com,Male,172.161.32.89
1266,Manny,McCurley,mmccurley4l@mapquest.com,Male,205.140.33.69
1267,Kipper,Kleingrub,kkleingrub4m@gmpg.org,Male,212.33.119.5
1268,Tuckie,Gleadhell,tgleadhell4n@marriott.com,Male,130.245.204.131
1269,Evyn,Clench,eclench4o@list-manage.com,Male,247.24.102.61
1270,Jacky,Arney,jarney4p@addthis.com,Female,3.150.189.243
1271,Cordie,Pritchett,cpritchett4q@i2i.jp,Agender,107.150.92.23
1272,Cleveland,Ruddick,cruddick4r@netlog.com,Non-binary,86.227.74.70
1273,Cedric,Walwood,cwalwood4s@cnbc.com,Male,217.186.109.34
1274,Cynthy,Pannett,cpannett4t@msu.edu,Female,81.137.199.142
1275,Sebastien,Breissan,sbreissan4u@google.com.au,Male,100.191.246.210
1276,Nathanil,Gowenlock,ngowenlock4v@tinyurl.com,Male,59.215.100.13
1277,Maritsa,Varker,mvarker4w@washington.edu,Female,80.136.244.171
1278,Leif,Praton,lpraton4x@hexun.com,Male,218.149.226.16
1279,Kort,Hanfrey,khanfrey4y@census.gov,Male,30.173.172.77
1280,Sherye,Casper,scasper4z@aol.com,Female,168.105.44.42
1281,Bar,Foran,bforan50@google.nl,Male,160.5.54.240
1282,Ozzie,Feldbrin,ofeldbrin51@webs.com,Male,243.216.105.164
1283,Meridel,Lomen,mlomen52@gnu.org,Female,25.19.209.248
1284,Freddi,Loughead,floughead53@flickr.com,Female,18.227.9.234
1285,Alia,Stanistrete,astanistrete54@parallels.com,Female,233.99.152.22
1286,Danette,Pasquale,dpasquale55@epa.gov,Female,253.48.252.43
1287,George,Plumtree,gplumtree56@nps.gov,Non-binary,144.207.223.32
1288,Neville,Kuhle,nkuhle57@ameblo.jp,Male,71.52.136.85
1289,Oswell,Vinall,ovinall58@examiner.com,Male,9.214.54.62
1290,Mahala,Mapowder,mmapowder59@skyrock.com,Female,117.197.45.174
1291,Sophi,Mathers,smathers5a@miitbeian.gov.cn,Female,222.205.234.200
1292,Sammie,Got,sgot5b@elpais.com,Male,234.129.182.164
1293,Sheffie,Tapton,stapton5c@scientificamerican.com,Genderqueer,168.130.48.39
1294,Denys,Leipold,dleipold5d@trellian.com,Bigender,254.209.151.89
1295,Odilia,Coverlyn,ocoverlyn5e@pinterest.com,Female,208.141.26.39
1296,Pen,Deerr,pdeerr5f@guardian.co.uk,Male,71.114.69.90
1297,Kele,Tinghill,ktinghill5g@mediafire.com,Non-binary,254.255.165.197
1298,Shae,Korous,skorous5h@economist.com,Male,222.11.224.66
1299,Nanci,Dallmann,ndallmann5i@ow.ly,Female,51.88.97.180
1300,Eadith,Shapero,eshapero5j@addtoany.com,Female,215.52.152.221
1301,Travis,Luttger,tluttger5k@flavors.me,Male,212.88.180.188
1302,Natalie,Paddle,npaddle5l@indiatimes.com,Female,111.41.89.36
1303,Beck,Henzley,bhenzley5m@facebook.com,Male,56.100.21.163
1304,Fee,Lishman,flishman5n@icq.com,Male,252.235.228.45
1305,Dorotea,Gaye,dgaye5o@hp.com,Female,10.217.246.237
1306,Emmaline,Behrendsen,ebehrendsen5p@hubpages.com,Female,223.146.137.108
1307,Tabbi,Mirams,tmirams5q@zimbio.com,Female,1.174.231.54
1308,Dyanne,Croker,dcroker5r@loc.gov,Female,157.233.204.29
1309,Morty,Idney,midney5s@360.cn,Male,172.243.83.237
1310,Kristopher,Maclaine,kmaclaine5t@google.ca,Male,24.16.170.51
1311,Veronike,Randal,vrandal5u@ucoz.ru,Female,61.160.60.112
1312,Brennan,O'Moylan,bomoylan5v@soundcloud.com,Male,51.184.220.29
1313,Daisie,Enrietto,denrietto5w@google.co.uk,Female,33.75.219.94
1314,Pandora,Girt,pgirt5x@msn.com,Female,251.33.232.137
1315,Irene,Eales,ieales5y@simplemachines.org,Female,218.126.172.8
1316,Nicky,O'Ruane,noruane5z@admin.ch,Male,151.66.165.60
1317,Ximenez,Neilson,xneilson60@xinhuanet.com,Male,111.230.52.60
1318,Pegeen,Rafe,prafe61@rakuten.co.jp,Female,171.218.67.186
1319,Anne-marie,Holdworth,aholdworth62@apache.org,Female,31.165.94.83
1320,Farlie,Skeemer,fskeemer63@feedburner.com,Male,248.67.87.56
1321,Hilliard,Sentance,hsentance64@umich.edu,Male,14.179.128.235
1322,Meir,Witcomb,mwitcomb65@dropbox.com,Male,102.72.92.44
1323,Godard,Fishe,gfishe66@tripod.com,Male,18.34.85.75
1324,Hailey,Bulger,hbulger67@ted.com,Male,85.5.124.130
1325,Dionne,Kibbye,dkibbye68@prlog.org,Female,191.16.81.121
1326,Rheba,Amerighi,ramerighi69@twitter.com,Female,151.41.190.93
1327,Gerome,Cino,gcino6a@deliciousdays.com,Male,0.167.6.180
1328,Catarina,Khosa,ckhosa6b@usnews.com,Female,78.146.92.61
1329,Rickert,Kornalik,rkornalik6c@dion.ne.jp,Male,190.151.170.127
1330,Lannie,Rickeard,lrickeard6d@nyu.edu,Male,114.82.180.149
1331,Glenn,Skyppe,gskyppe6e@hugedomains.com,Female,82.37.175.208
1332,Warden,Baxstare,wbaxstare6f@phpbb.com,Genderqueer,193.167.121.187
1333,Noel,Robley,nrobley6g@scientificamerican.com,Male,249.43.35.216
1334,Byran,Berg,bberg6h@spiegel.de,Male,59.197.58.106
1335,Verge,Spurret,vspurret6i@ibm.com,Male,215.24.158.219
1336,Tedi,Kiefer,tkiefer6j@mediafire.com,Bigender,44.201.58.47
1337,Rogerio,Swyer-Sexey,rswyersexey6k@aol.com,Male,89.250.77.114
1338,Dannie,Martensen,dmartensen6l@businessinsider.com,Female,146.47.168.232
1339,Leta,Ridpath,lridpath6m@twitpic.com,Female,76.24.89.57
1340,Nessie,Goldsworthy,ngoldsworthy6n@slideshare.net,Genderfluid,16.95.144.167
1341,Roze,Bowness,rbowness6o@ftc.gov,Female,6.239.236.45
1342,Simona,Bielby,sbielby6p@hexun.com,Female,138.181.246.148
1343,Nikolos,Oxx,noxx6q@vinaora.com,Non-binary,2.130.121.198
1344,Brooke,Royal,broyal6r@reverbnation.com,Male,211.78.232.95
1345,Mack,O'Currigan,mocurrigan6s@dmoz.org,Male,38.110.62.30
1346,Cirilo,Carr,ccarr6t@goo.ne.jp,Male,207.4.76.176
1347,Keith,Lenard,klenard6u@google.nl,Male,237.96.159.71
1348,Myrna,Werlock,mwerlock6v@liveinternet.ru,Bigender,67.15.235.157
1349,Trescha,Boules,tboules6w@psu.edu,Female,192.4.187.120
1350,Ericka,Whitelock,ewhitelock6x@xrea.com,Female,94.50.212.217
1351,Shepard,Laingmaid,slaingmaid6y@sciencedaily.com,Male,49.122.126.40
1352,Glen,Fontes,gfontes6z@issuu.com,Female,141.164.244.89
1353,Atlante,Court,acourt70@reference.com,Female,158.154.87.167
1354,Alexandr,Boam,aboam71@samsung.com,Male,91.205.76.187
1355,Renate,Gosselin,rgosselin72@tinyurl.com,Female,85.252.78.134
1356,Romeo,Lyste,rlyste73@cpanel.net,Male,45.195.162.150
1357,Livy,Oman,loman74@reference.com,Female,39.251.111.189
1358,Carrol,Peagram,cpeagram75@ovh.net,Male,58.156.23.13
1359,Alikee,Deesly,adeesly76@slate.com,Female,198.99.172.45
1360,Mallory,Hutten,mhutten77@etsy.com,Female,132.95.212.113
1361,Ody,Ellershaw,oellershaw78@microsoft.com,Male,114.107.152.230
1362,Jourdan,Nutten,jnutten79@examiner.com,Female,23.237.30.167
1363,Dolf,Blannin,dblannin7a@ycombinator.com,Male,25.1.0.90
1364,Wadsworth,Capron,wcapron7b@blinklist.com,Genderqueer,118.49.240.209
1365,Wittie,Boddice,wboddice7c@cloudflare.com,Male,2.200.223.161
1366,Woodrow,Dudleston,wdudleston7d@tinypic.com,Male,0.204.142.126
1367,Stafani,Meneux,smeneux7e@sourceforge.net,Female,160.142.192.120
1368,Jarad,Bridgett,jbridgett7f@behance.net,Male,172.170.102.196
1369,Barn,Mullinger,bmullinger7g@dmoz.org,Male,252.2.163.157
1370,Morna,Burrus,mburrus7h@aol.com,Female,224.203.173.133
1371,Salvidor,Masser,smasser7i@shinystat.com,Male,168.125.202.96
1372,Marwin,Snowdon,msnowdon7j@slideshare.net,Male,15.116.9.175
1373,Mariejeanne,Moral,mmoral7k@hud.gov,Female,174.213.216.20
1374,Melva,Lawley,mlawley7l@mail.ru,Female,243.239.112.151
1375,Gillian,Crossley,gcrossley7m@example.com,Female,121.186.198.175
1376,Baryram,Gladdolph,bgladdolph7n@phpbb.com,Male,72.227.80.113
1377,Carly,Mordie,cmordie7o@reverbnation.com,Polygender,100.240.233.181
1378,Claudia,Pothergill,cpothergill7p@wufoo.com,Genderfluid,147.237.22.28
1379,Willi,Pocock,wpocock7q@nymag.com,Female,9.53.112.107
1380,Blinni,Lyttle,blyttle7r@jimdo.com,Female,51.60.227.121
1381,Alfred,Detloff,adetloff7s@yelp.com,Agender,59.45.20.137
1382,Lucas,Atheis,latheis7t@seesaa.net,Male,57.104.100.193
1383,Quinn,Popping,qpopping7u@google.com,Female,8.248.87.48
1384,Briant,Haacker,bhaacker7v@blinklist.com,Male,210.186.120.4
1385,Merna,Mongeot,mmongeot7w@behance.net,Female,220.20.212.136
1386,Ruby,Clemes,rclemes7x@cnet.com,Male,115.114.80.106
1387,Pinchas,Mufford,pmufford7y@netscape.com,Male,39.201.93.109
1388,Reeva,Proven,rproven7z@blogs.com,Female,50.42.47.56
1389,Elden,Mannering,emannering80@ovh.net,Genderqueer,168.125.10.190
1390,Romeo,Pilsworth,rpilsworth81@spotify.com,Male,242.18.41.251
1391,Amabel,Gazey,agazey82@gnu.org,Female,212.75.138.47
1392,Steffie,Maps,smaps83@squidoo.com,Female,171.62.139.224
1393,Abram,O'Cassidy,aocassidy84@skyrock.com,Male,248.89.230.125
1394,Germaine,Zavittieri,gzavittieri85@sbwire.com,Female,132.3.39.208
1395,Arne,Alti,aalti86@naver.com,Male,230.180.229.71
1396,Adelbert,Buxey,abuxey87@merriam-webster.com,Male,185.201.213.107
1397,Walker,Ible,wible88@smh.com.au,Polygender,237.166.192.114
1398,Tommy,Doick,tdoick89@sakura.ne.jp,Male,51.58.21.59
1399,Bendite,McCrudden,bmccrudden8a@cocolog-nifty.com,Female,229.42.80.91
1400,Isaak,Coultish,icoultish8b@ftc.gov,Male,63.33.6.90
1401,Hayward,Isac,hisac8c@friendfeed.com,Agender,12.63.58.249
1402,Thor,O'Shea,toshea8d@list-manage.com,Polygender,93.127.174.0
1403,Bradney,Jess,bjess8e@jiathis.com,Male,207.179.6.23
1404,Darbee,Huish,dhuish8f@hao123.com,Male,14.204.207.40
1405,Godart,Tevelov,gtevelov8g@shop-pro.jp,Male,121.228.28.10
1406,Laverna,Peddowe,lpeddowe8h@webeden.co.uk,Female,127.250.200.101
1407,Lars,Bonnier,lbonnier8i@opera.com,Male,33.236.145.130
1408,Violet,Chaise,vchaise8j@stanford.edu,Female,108.214.118.18
1409,Cherri,Dimond,cdimond8k@blogspot.com,Female,47.224.58.249
1410,Lila,Colvine,lcolvine8l@apple.com,Female,17.192.225.227
1411,Aldrich,Anear,aanear8m@usda.gov,Male,253.160.162.213
1412,Maurine,Blenkhorn,mblenkhorn8n@mtv.com,Bigender,214.102.5.169
1413,Cecilia,Blodgetts,cblodgetts8o@fda.gov,Female,129.167.56.80
1414,Brannon,Cruickshank,bcruickshank8p@yandex.ru,Male,225.237.106.137
1415,Krishnah,Lutman,klutman8q@homestead.com,Male,11.234.251.167
1416,Jacinda,Lowcock,jlowcock8r@webs.com,Female,7.145.215.7
1417,Bentlee,Sweett,bsweett8s@taobao.com,Male,165.128.60.43
1418,Cass,Scogin,cscogin8t@virginia.edu,Male,251.2.11.205
1419,Jemmy,Davidsohn,jdavidsohn8u@wordpress.com,Female,55.38.85.160
1420,Myranda,Prate,mprate8v@globo.com,Female,122.42.96.138
1421,Wilma,Logue,wlogue8w@google.fr,Female,62.210.231.56
1422,Urban,Itzkovitch,uitzkovitch8x@addthis.com,Non-binary,65.164.108.208
1423,Albrecht,Hallad,ahallad8y@boston.com,Male,72.25.23.217
1424,Yardley,Beatson,ybeatson8z@irs.gov,Male,129.151.56.219
1425,Ximenes,Scarce,xscarce90@yahoo.co.jp,Male,213.244.116.250
1426,Leia,Salvadore,lsalvadore91@foxnews.com,Female,16.251.135.236
1427,Kahaleel,Matschuk,kmatschuk92@tripod.com,Male,127.118.1.52
1428,Cassandry,Snufflebottom,csnufflebottom93@spiegel.de,Female,12.11.169.243
1429,Savina,Castellaccio,scastellaccio94@toplist.cz,Female,182.124.87.162
1430,Dusty,Gingold,dgingold95@freewebs.com,Female,30.213.166.236
1431,Whitaker,Strank,wstrank96@sakura.ne.jp,Male,196.82.205.110
1432,Constantino,Loweth,cloweth97@google.ca,Male,103.123.192.85
1433,Moshe,Dartnall,mdartnall98@bing.com,Agender,231.103.23.67
1434,Ruprecht,Blackburne,rblackburne99@webmd.com,Male,71.51.212.38
1435,Kendrick,Leeson,kleeson9a@gnu.org,Male,214.81.64.30
1436,Gene,Morrow,gmorrow9b@mapquest.com,Female,135.51.128.231
1437,Bernelle,Jurkiewicz,bjurkiewicz9c@hatena.ne.jp,Female,150.80.205.7
1438,Kata,Piechnik,kpiechnik9d@google.com,Female,152.37.47.75
1439,Kinny,Fearns,kfearns9e@goo.ne.jp,Male,244.43.113.197
1440,Liesa,Chambers,lchambers9f@tuttocitta.it,Female,120.101.85.121
1441,Fields,Niven,fniven9g@redcross.org,Male,34.228.198.205
1442,Madelina,Arger,marger9h@ovh.net,Female,233.24.180.118
1443,Agace,Beagan,abeagan9i@godaddy.com,Female,101.137.241.174
1444,Emelina,Haberjam,ehaberjam9j@ovh.net,Female,236.217.168.253
1445,Towny,Gladman,tgladman9k@aboutads.info,Male,197.17.170.231
1446,Elmer,Delahunt,edelahunt9l@cisco.com,Male,128.120.47.14
1447,Winna,Sille,wsille9m@google.com,Female,203.209.161.0
1448,Son,Dewdney,sdewdney9n@google.com.hk,Male,82.14.190.28
1449,Margareta,Cawston,mcawston9o@ezinearticles.com,Female,111.46.93.148
1450,Nixie,Sabben,nsabben9p@whitehouse.gov,Female,120.163.251.37
1451,Teriann,Wivell,twivell9q@squarespace.com,Female,115.22.195.128
1452,Buckie,O'Glassane,boglassane9r@techcrunch.com,Male,104.122.168.197
1453,Marcelia,Whittle,mwhittle9s@tmall.com,Female,251.115.150.189
1454,Alano,Corre,acorre9t@cdc.gov,Male,201.237.67.74
1455,Rosene,McBayne,rmcbayne9u@nifty.com,Female,88.193.67.142
1456,Krista,Benwell,kbenwell9v@guardian.co.uk,Female,190.204.121.230
1457,Gerladina,Weems,gweems9w@php.net,Agender,14.177.84.173
1458,Marlo,Foxon,mfoxon9x@stanford.edu,Bigender,184.168.75.26
1459,Deirdre,Peacocke,dpeacocke9y@bbb.org,Female,72.206.13.224
1460,Joly,Muino,jmuino9z@businesswire.com,Female,72.93.84.118
1461,Eachelle,McGaugey,emcgaugeya0@flavors.me,Female,36.100.180.125
1462,Loralie,Lembrick,llembricka1@storify.com,Female,98.49.76.58
1463,Uriah,Donet,udoneta2@cnbc.com,Male,191.145.206.166
1464,Broddie,Kowalik,bkowalika3@princeton.edu,Male,26.4.155.19
1465,Krishna,Luckhurst,kluckhursta4@weebly.com,Male,75.164.143.102
1466,Scarlet,Davitashvili,sdavitashvilia5@stumbleupon.com,Female,125.5.132.183
1467,Winni,Fitzgerald,wfitzgeralda6@yandex.ru,Female,235.81.30.55
1468,Xavier,Kidsley,xkidsleya7@upenn.edu,Male,183.69.156.148
1469,Christiane,Shinfield,cshinfielda8@apache.org,Female,144.207.162.225
1470,Ragnar,Rohan,rrohana9@mediafire.com,Genderfluid,58.174.159.215
1471,Winthrop,Uttridge,wuttridgeaa@aol.com,Male,89.148.84.127
1472,Menard,Sotworth,msotworthab@unicef.org,Male,176.244.149.11
1473,Eda,Thorndycraft,ethorndycraftac@jiathis.com,Female,181.52.161.75
1474,Ree,Cudby,rcudbyad@weebly.com,Female,168.114.112.197
1475,Allen,Garrad,agarradae@hud.gov,Male,133.7.74.112
1476,Gay,O'Drought,godroughtaf@dion.ne.jp,Male,207.194.211.197
1477,Rasia,Habeshaw,rhabeshawag@umn.edu,Female,209.223.238.239
1478,Michele,Cram,mcramah@arstechnica.com,Female,153.52.90.44
1479,Nadya,Bernadot,nbernadotai@vistaprint.com,Female,109.137.70.145
1480,Baillie,Partlett,bpartlettaj@mit.edu,Male,255.176.168.50
1481,Harriot,O'Lynn,holynnak@nature.com,Female,223.240.59.127
1482,Livvy,Baudasso,lbaudassoal@taobao.com,Female,99.136.175.143
1483,Alyce,Ivanenkov,aivanenkovam@php.net,Female,222.228.127.224
1484,Minnie,Chatwood,mchatwoodan@craigslist.org,Female,253.39.87.110
1485,Oralie,Brabyn,obrabynao@skype.com,Female,254.252.128.222
1486,Kacie,Bezley,kbezleyap@nih.gov,Female,129.43.110.32
1487,Fitz,Clynter,fclynteraq@macromedia.com,Male,81.229.159.251
1488,Conroy,Santello,csantelloar@hc360.com,Male,120.37.6.30
1489,Alair,Goudge,agoudgeas@networksolutions.com,Male,19.24.22.96
1490,Michel,Dunckley,mdunckleyat@wunderground.com,Female,254.75.40.107
1491,Albrecht,Poxson,apoxsonau@independent.co.uk,Male,18.235.178.216
1492,Winn,Riggert,wriggertav@redcross.org,Male,3.157.101.189
1493,Lammond,Beagrie,lbeagrieaw@bravesites.com,Male,169.118.195.51
1494,Cherise,Bufton,cbuftonax@xinhuanet.com,Non-binary,120.142.139.212
1495,Padraic,Dayley,pdayleyay@unicef.org,Male,161.178.230.130
1496,Keslie,Treves,ktrevesaz@rediff.com,Female,106.158.88.61
1497,Romy,Dechelle,rdechelleb0@sciencedaily.com,Female,116.6.74.139
1498,Letti,Druitt,ldruittb1@google.pl,Female,167.154.179.128
1499,Ruggiero,Formie,rformieb2@imageshack.us,Genderfluid,201.21.162.234
1500,Edmund,Aslett,easlettb3@bloglines.com,Male,80.30.159.229
1501,Bern,Foro,bforob4@aol.com,Male,83.25.147.177
1502,Nicki,Colecrough,ncolecroughb5@360.cn,Female,66.225.236.207
1503,Licha,Grzegorzewski,lgrzegorzewskib6@illinois.edu,Female,167.251.208.58
1504,Delmore,McIllrick,dmcillrickb7@mysql.com,Male,49.205.75.94
1505,Bernardine,d'Escoffier,bdescoffierb8@myspace.com,Female,204.41.165.79
1506,Sylvia,Farnorth,sfarnorthb9@issuu.com,Female,212.138.16.239
1507,Otha,Jeannaud,ojeannaudba@usatoday.com,Female,44.109.13.160
1508,Britteny,Partleton,bpartletonbb@bbb.org,Polygender,236.37.147.3
1509,Akim,Yakubowicz,ayakubowiczbc@hugedomains.com,Genderqueer,224.207.249.69
1510,Melitta,Harbidge,mharbidgebd@deviantart.com,Female,176.216.169.211
1511,Nester,De Wolfe,ndewolfebe@behance.net,Male,143.50.22.74
1512,Valene,McAleese,vmcaleesebf@diigo.com,Female,123.163.115.254
1513,Donny,Kilmartin,dkilmartinbg@parallels.com,Male,204.155.109.55
1514,Ryun,Poulter,rpoulterbh@shareasale.com,Male,128.145.44.83
1515,Vincents,Newhouse,vnewhousebi@usda.gov,Male,80.199.220.23
1516,Ebeneser,Weall,eweallbj@flavors.me,Male,37.190.218.107
1517,Pepi,Gateley,pgateleybk@github.com,Female,128.207.167.225
1518,Janeczka,Boniface,jbonifacebl@buzzfeed.com,Female,246.102.11.108
1519,Orland,Cheshir,ocheshirbm@vistaprint.com,Male,106.127.36.95
1520,Giordano,Cannavan,gcannavanbn@merriam-webster.com,Polygender,238.202.170.226
1521,Loella,Vedikhov,lvedikhovbo@bbc.co.uk,Female,196.119.34.62
1522,Catlee,Sell,csellbp@bluehost.com,Female,97.67.4.139
1523,Ali,Humby,ahumbybq@wix.com,Male,181.128.161.245
1524,Barret,McGilbon,bmcgilbonbr@dion.ne.jp,Male,32.144.25.55
1525,Sydney,McKinnell,smckinnellbs@ihg.com,Male,1.190.182.95
1526,Gasparo,Tocqueville,gtocquevillebt@shinystat.com,Male,203.228.37.204
1527,Birdie,Halsted,bhalstedbu@nymag.com,Female,148.132.253.16
1528,Angelico,Zanitti,azanittibv@elegantthemes.com,Male,225.238.247.107
1529,Lira,Goodge,lgoodgebw@businesswire.com,Female,32.191.88.2
1530,Doyle,Sellor,dsellorbx@mozilla.com,Male,39.90.117.126
1531,Inness,Burtwistle,iburtwistleby@google.co.jp,Male,205.80.246.179
1532,Alyosha,Whebell,awhebellbz@tinypic.com,Male,192.244.59.142
1533,Dayle,Senten,dsentenc0@army.mil,Female,251.155.169.31
1534,Hagen,Morgen,hmorgenc1@irs.gov,Male,37.80.186.230
1535,Giusto,McLinden,gmclindenc2@ustream.tv,Male,243.78.236.25
1536,Timmie,Issac,tissacc3@ycombinator.com,Male,120.37.38.210
1537,Christyna,Attack,cattackc4@soundcloud.com,Female,150.171.113.176
1538,Anselma,Adam,aadamc5@microsoft.com,Female,25.40.9.100
1539,Rustie,Churches,rchurchesc6@omniture.com,Male,248.244.45.145
1540,Clayton,Lofthouse,clofthousec7@independent.co.uk,Male,94.60.23.128
1541,Wade,Plascott,wplascottc8@wired.com,Male,208.134.122.80
1542,Willem,Rattry,wrattryc9@fastcompany.com,Male,18.32.242.197
1543,Kliment,Feldmesser,kfeldmesserca@google.com.br,Male,104.104.107.74
1544,Loren,Zumbusch,lzumbuschcb@flickr.com,Male,80.40.45.219
1545,Dawna,Avrahamof,davrahamofcc@npr.org,Bigender,211.175.134.129
1546,Levin,Ashbridge,lashbridgecd@ca.gov,Male,142.75.81.80
1547,Gabbie,Orniz,gornizce@pbs.org,Female,28.9.185.125
1548,Tammy,Tesmond,ttesmondcf@java.com,Male,113.89.133.186
1549,Ives,Langton,ilangtoncg@homestead.com,Male,208.220.118.98
1550,Nara,Pardue,nparduech@craigslist.org,Non-binary,81.133.216.241
1551,Jonathon,Shailer,jshailerci@amazon.co.uk,Male,82.113.141.97
1552,Kassi,Veitch,kveitchcj@ovh.net,Female,114.196.212.22
1553,Jacquelynn,Scrancher,jscrancherck@techcrunch.com,Genderfluid,64.174.120.231
1554,Ivy,Semmens,isemmenscl@jimdo.com,Female,0.238.229.20
1555,Florri,Streader,fstreadercm@blinklist.com,Female,201.223.123.156
1556,Danika,Selbie,dselbiecn@un.org,Female,143.166.102.47
1557,Lindsey,Godbold,lgodboldco@paypal.com,Female,32.42.187.36
1558,Roz,Killeley,rkilleleycp@dell.com,Female,23.148.249.178
1559,Lincoln,Minigo,lminigocq@msu.edu,Male,183.146.103.165
1560,Yard,Figure,yfigurecr@php.net,Male,224.28.19.233
1561,Nadine,Garrod,ngarrodcs@engadget.com,Female,104.227.205.115
1562,Zachery,O'Sculley,zosculleyct@newsvine.com,Male,241.68.31.141
1563,Sari,Woodvine,swoodvinecu@plala.or.jp,Female,192.126.79.118
1564,Coriss,Amsberger,camsbergercv@huffingtonpost.com,Female,231.78.36.169
1565,Jemie,Mayhead,jmayheadcw@biglobe.ne.jp,Female,73.137.166.204
1566,Theodoric,Gimson,tgimsoncx@tamu.edu,Male,133.17.40.29
1567,Jade,Gove,jgovecy@google.com.au,Female,186.175.166.137
1568,Merrick,Sinnott,msinnottcz@t-online.de,Male,71.26.180.77
1569,Vivyanne,Theis,vtheisd0@hhs.gov,Female,44.125.129.183
1570,Gavan,Bradbrook,gbradbrookd1@sohu.com,Polygender,15.39.226.220
1571,Paco,Levesque,plevesqued2@dmoz.org,Male,119.200.213.58
1572,Johanna,Placstone,jplacstoned3@spotify.com,Female,32.65.73.0
1573,Sheila,Titmarsh,stitmarshd4@hao123.com,Female,76.26.161.237
1574,Erik,Halligan,ehalligand5@craigslist.org,Male,249.112.234.78
1575,Berni,Pawden,bpawdend6@latimes.com,Female,57.86.175.227
1576,Donovan,Flacknoe,dflacknoed7@mashable.com,Male,140.138.150.94
1577,Farrel,Royce,froyced8@wp.com,Male,238.129.178.145
1578,Bradly,Smither,bsmitherd9@hugedomains.com,Male,136.251.37.192
1579,Tris,Tapsell,ttapsellda@imgur.com,Male,192.42.233.122
1580,Coraline,Cordeau],ccordeaudb@google.com.br,Female,218.181.152.255
1581,Forster,Jelly,fjellydc@ovh.net,Male,78.133.105.22
1582,Erskine,Nanetti,enanettidd@google.com,Agender,47.202.244.187
1583,Northrop,Rosgen,nrosgende@scientificamerican.com,Genderqueer,199.192.29.253
1584,Andre,Ksandra,aksandradf@indiegogo.com,Non-binary,180.169.33.187
1585,Akim,McMains,amcmainsdg@cnn.com,Male,211.38.103.189
1586,Borden,Boothroyd,bboothroyddh@theglobeandmail.com,Male,61.112.199.156
1587,Shoshana,Rubury,sruburydi@g.co,Female,109.213.101.233
1588,Ollie,Dutnall,odutnalldj@sogou.com,Female,62.7.124.66
1589,Amye,Mushart,amushartdk@vk.com,Agender,215.239.113.226
1590,Silvia,Clows,sclowsdl@addthis.com,Female,155.5.188.147
1591,Suzann,Cordey,scordeydm@elegantthemes.com,Female,51.3.23.119
1592,Leia,Kimblin,lkimblindn@wisc.edu,Female,210.191.107.43
1593,Toby,Gravells,tgravellsdo@newyorker.com,Female,96.223.184.86
1594,Marcellus,Kinchington,mkinchingtondp@issuu.com,Male,250.121.255.73
1595,Sande,Rymer,srymerdq@goo.ne.jp,Female,8.43.218.189
1596,Drusie,McKelvey,dmckelveydr@bizjournals.com,Female,225.17.156.20
1597,Corty,Boot,cbootds@bravesites.com,Male,191.51.62.120
1598,Johanna,Dudley,jdudleydt@google.ru,Female,32.12.165.226
1599,Matty,Demke,mdemkedu@is.gd,Male,146.247.245.43
1600,Cory,Camier,ccamierdv@google.com,Male,201.226.24.78
1601,Harmonie,Roseburgh,hroseburghdw@auda.org.au,Non-binary,156.23.115.184
1602,Miner,Esler,meslerdx@nbcnews.com,Male,59.23.246.11
1603,Town,Bradmore,tbradmoredy@miibeian.gov.cn,Male,22.21.172.90
1604,Wilton,Arnaudon,warnaudondz@hostgator.com,Male,122.61.237.45
1605,Catherin,Acreman,cacremane0@vkontakte.ru,Female,241.190.105.176
1606,Emelita,Bovingdon,ebovingdone1@yahoo.co.jp,Polygender,138.69.178.212
1607,Sheelagh,Power,spowere2@wordpress.org,Female,48.213.142.179
1608,Aggy,Heakey,aheakeye3@opera.com,Female,181.187.117.39
1609,Sallie,Lark,slarke4@buzzfeed.com,Female,78.11.84.159
1610,Sheree,Roarty,sroartye5@oracle.com,Female,181.226.163.129
1611,Brent,Jephson,bjephsone6@dion.ne.jp,Male,32.161.102.243
1612,Cynthia,MacVicar,cmacvicare7@wisc.edu,Female,105.163.127.51
1613,Dewie,Royce,droycee8@aboutads.info,Male,153.76.40.63
1614,Jordan,Snazel,jsnazele9@plala.or.jp,Female,185.110.181.119
1615,Kathleen,O'Sirin,kosirinea@ycombinator.com,Female,23.140.103.43
1616,Aloysius,Hudleston,ahudlestoneb@so-net.ne.jp,Male,245.172.125.110
1617,Caresa,Duplain,cduplainec@gravatar.com,Female,86.195.128.114
1618,Walliw,Robker,wrobkered@businessinsider.com,Female,53.158.176.246
1619,Filide,Shillitto,fshillittoee@blog.com,Female,224.76.243.221
1620,Harman,Tottem,htottemef@hugedomains.com,Male,133.185.91.130
1621,Percival,Stampfer,pstampfereg@odnoklassniki.ru,Male,186.102.96.62
1622,Phillis,Cardo,pcardoeh@geocities.jp,Female,99.94.215.82
1623,Damian,Abernethy,dabernethyei@studiopress.com,Male,47.131.253.199
1624,Kerby,Godier,kgodierej@bluehost.com,Male,241.215.147.65
1625,Liane,Akroyd,lakroydek@friendfeed.com,Female,127.153.25.53
1626,Giustina,Guterson,ggutersonel@google.ca,Female,127.45.171.8
1627,Ignace,Everix,ieverixem@adobe.com,Male,186.187.194.111
1628,Caddric,Napolitano,cnapolitanoen@mozilla.org,Male,34.205.203.88
1629,Gael,Mordacai,gmordacaieo@constantcontact.com,Male,86.14.250.105
1630,Leeanne,Impy,limpyep@usda.gov,Female,36.166.24.8
1631,Nevile,Alwood,nalwoodeq@xinhuanet.com,Male,69.171.70.211
1632,Marylinda,Kuschke,mkuschkeer@geocities.jp,Female,204.32.181.89
1633,Bale,Jeanneau,bjeanneaues@usnews.com,Male,26.10.15.209
1634,Elysha,Chicotti,echicottiet@booking.com,Female,133.43.79.84
1635,Selia,Hemeret,shemereteu@ted.com,Genderfluid,117.118.223.85
1636,Doralynne,Messiter,dmessiterev@reddit.com,Female,159.22.18.234
1637,Rozelle,Cardenoza,rcardenozaew@fema.gov,Female,239.79.110.92
1638,Isabelita,Hanselmann,ihanselmannex@nytimes.com,Female,46.201.183.214
1639,Bobbe,Himsworth,bhimsworthey@ucoz.ru,Female,0.100.97.126
1640,Humfrey,Corzor,hcorzorez@webeden.co.uk,Male,75.146.39.176
1641,Caril,Gadie,cgadief0@epa.gov,Female,56.250.157.155
1642,Mike,Feeney,mfeeneyf1@vk.com,Male,89.239.191.217
1643,Cornell,Vipan,cvipanf2@cafepress.com,Male,73.128.149.79
1644,Pru,Harner,pharnerf3@nasa.gov,Female,159.60.170.102
1645,Townie,Pinks,tpinksf4@ca.gov,Male,172.204.97.29
1646,Jerry,Auty,jautyf5@gizmodo.com,Genderfluid,37.191.212.236
1647,Felizio,Ferrea,fferreaf6@mapy.cz,Male,4.51.128.4
1648,Salomon,Haggidon,shaggidonf7@yelp.com,Male,19.246.118.47
1649,Patten,Banthorpe,pbanthorpef8@spotify.com,Male,161.207.237.167
1650,Florrie,Whittier,fwhittierf9@multiply.com,Female,221.246.57.86
1651,Jehanna,Jarvis,jjarvisfa@netvibes.com,Female,4.139.108.236
1652,Red,Janoch,rjanochfb@mail.ru,Male,137.213.149.216
1653,Nixie,Dewsbury,ndewsburyfc@amazon.co.jp,Female,188.119.64.174
1654,Jilleen,Liger,jligerfd@cam.ac.uk,Genderqueer,210.25.112.171
1655,Laurie,Scarrott,lscarrottfe@imgur.com,Female,45.8.35.102
1656,Gilles,Goter,ggoterff@timesonline.co.uk,Male,106.211.237.173
1657,Felice,Gregoretti,fgregorettifg@feedburner.com,Male,119.211.124.39
1658,Allyn,Thewles,athewlesfh@auda.org.au,Male,224.47.172.209
1659,Lulita,Hamshere,lhamsherefi@google.fr,Female,205.111.155.1
1660,Orson,Waud,owaudfj@samsung.com,Male,220.125.0.104
1661,Jacinta,Tunniclisse,jtunniclissefk@imageshack.us,Female,68.112.191.37
1662,Chancey,Froome,cfroomefl@symantec.com,Male,64.61.83.13
1663,Blondie,Yushachkov,byushachkovfm@1und1.de,Female,93.204.200.87
1664,Alfredo,Darwin,adarwinfn@vimeo.com,Male,51.236.94.170
1665,Kalindi,Fancutt,kfancuttfo@zdnet.com,Female,140.212.3.142
1666,Clementius,Vales,cvalesfp@soup.io,Male,208.247.100.244
1667,Ham,Mac,hmacfq@marketwatch.com,Male,214.188.52.67
1668,Griffie,Jendrich,gjendrichfr@photobucket.com,Male,40.252.2.161
1669,Dedra,Gronauer,dgronauerfs@naver.com,Female,104.114.62.58
1670,Karlotte,Lound,kloundft@yale.edu,Female,245.73.13.13
1671,Riva,Myles,rmylesfu@creativecommons.org,Agender,157.96.239.161
1672,Aryn,Bowcock,abowcockfv@chronoengine.com,Female,90.79.230.46
1673,Annabella,Leonards,aleonardsfw@mayoclinic.com,Female,75.74.123.1
1674,Bernadina,Bugg,bbuggfx@canalblog.com,Female,9.247.161.23
1675,Babb,Lurcock,blurcockfy@theatlantic.com,Female,226.162.125.18
1676,Alissa,Smitheman,asmithemanfz@hubpages.com,Female,157.141.139.19
1677,Mab,McLemon,mmclemong0@narod.ru,Female,217.74.222.129
1678,Arlinda,Cammell,acammellg1@hubpages.com,Female,172.13.74.222
1679,Cullan,Tassaker,ctassakerg2@youtube.com,Male,209.22.159.67
1680,Zarah,Pirri,zpirrig3@irs.gov,Agender,2.20.120.238
1681,Chrissie,Chennells,cchennellsg4@mit.edu,Female,88.204.213.28
1682,Say,Roke,srokeg5@godaddy.com,Male,252.150.192.38
1683,Lezley,Barosch,lbaroschg6@google.ca,Male,209.59.253.104
1684,Gonzales,Snaden,gsnadeng7@domainmarket.com,Male,209.188.212.244
1685,Neila,Grier,ngrierg8@hc360.com,Female,56.28.26.112
1686,Aldridge,Poter,apoterg9@xrea.com,Male,84.225.232.73
1687,Dulcy,Bremmell,dbremmellga@imageshack.us,Female,118.41.99.232
1688,Inglis,Surcombe,isurcombegb@mashable.com,Male,106.119.17.74
1689,Janos,Jendrys,jjendrysgc@paypal.com,Male,166.99.73.229
1690,Dill,Gillino,dgillinogd@latimes.com,Male,30.107.80.193
1691,Karlee,Durkin,kdurkinge@usnews.com,Female,217.6.149.128
1692,Miran,Hairs,mhairsgf@hhs.gov,Female,14.11.117.36
1693,Rory,Rudd,rruddgg@canalblog.com,Female,138.118.200.59
1694,Benedetta,Uman,bumangh@webmd.com,Female,34.252.153.3
1695,Emmet,Shapter,eshaptergi@usgs.gov,Male,74.14.49.126
1696,Charline,Raggett,craggettgj@friendfeed.com,Female,97.73.67.202
1697,Frank,Gaymar,fgaymargk@dmoz.org,Male,10.112.89.171
1698,Hunter,Chazier,hchaziergl@techcrunch.com,Male,236.95.27.30
1699,Quinn,Feavearyear,qfeavearyeargm@simplemachines.org,Polygender,180.221.121.78
1700,Thibaut,Clurow,tclurowgn@thetimes.co.uk,Male,247.15.55.210
1701,Aleen,Brugman,abrugmango@unicef.org,Female,11.231.205.145
1702,Alexei,Guiso,aguisogp@lycos.com,Non-binary,197.77.180.199
1703,Marnia,Jenman,mjenmangq@prlog.org,Female,162.71.71.53
1704,Giffie,Fuzzey,gfuzzeygr@examiner.com,Male,157.54.145.174
1705,Dasi,Purse,dpursegs@topsy.com,Female,0.63.202.7
1706,Gabey,Scholte,gscholtegt@php.net,Female,91.162.135.8
1707,Marshall,Cumpsty,mcumpstygu@techcrunch.com,Male,194.209.204.127
1708,Juanita,Bonder,jbondergv@list-manage.com,Non-binary,39.160.155.11
1709,Piper,Orteu,porteugw@people.com.cn,Female,22.129.155.68
1710,Peyter,Kleinber,pkleinbergx@buzzfeed.com,Bigender,53.153.138.22
1711,Coralie,Davley,cdavleygy@bloglovin.com,Female,12.36.254.42
1712,Shoshana,Cucuzza,scucuzzagz@github.com,Female,19.61.137.255
1713,Mallory,Chisholm,mchisholmh0@prlog.org,Male,197.56.163.181
1714,Lanie,Beentjes,lbeentjesh1@prweb.com,Female,22.188.76.77
1715,Pasquale,Barfitt,pbarfitth2@umich.edu,Male,248.172.7.119
1716,Cory,Weathers,cweathersh3@spotify.com,Male,104.82.21.217
1717,Curry,Canepe,ccanepeh4@google.es,Male,201.167.47.182
1718,Belva,MacElholm,bmacelholmh5@wordpress.com,Female,114.181.214.130
1719,Vanda,Mansel,vmanselh6@google.ru,Female,128.248.42.243
1720,Cindi,Whiff,cwhiffh7@pagesperso-orange.fr,Genderfluid,244.189.66.55
1721,Orly,Hayball,ohayballh8@samsung.com,Female,207.3.197.183
1722,Gertruda,Beiderbecke,gbeiderbeckeh9@telegraph.co.uk,Female,146.242.153.237
1723,Waylin,Strotton,wstrottonha@artisteer.com,Male,102.126.219.166
1724,Billie,Gerrens,bgerrenshb@youku.com,Female,63.67.112.74
1725,Delbert,Jee,djeehc@independent.co.uk,Polygender,223.48.76.179
1726,Anthiathia,Hallwell,ahallwellhd@typepad.com,Polygender,129.20.191.90
1727,Zebulen,Vasilyev,zvasilyevhe@sakura.ne.jp,Male,102.46.53.193
1728,Ernestus,Struis,estruishf@t.co,Male,131.220.100.104
1729,Sollie,Sinclair,ssinclairhg@hhs.gov,Male,68.172.153.79
1730,Vite,Klemenz,vklemenzhh@yellowpages.com,Male,130.99.252.0
1731,Hephzibah,Aldgate,haldgatehi@indiatimes.com,Female,199.18.165.106
1732,Gabriele,Varfalameev,gvarfalameevhj@wordpress.org,Male,106.197.174.177
1733,Wade,Feehery,wfeeheryhk@weibo.com,Male,132.142.57.209
1734,Lynnell,Goney,lgoneyhl@yale.edu,Female,131.252.55.138
1735,Alfons,Jodrelle,ajodrellehm@gizmodo.com,Male,101.227.91.139
1736,Ancell,Giddons,agiddonshn@discovery.com,Male,240.67.189.177
1737,Dukie,Bullar,dbullarho@washington.edu,Male,255.243.114.6
1738,Cleavland,Noye,cnoyehp@wp.com,Male,66.165.132.190
1739,Brandi,Allcoat,ballcoathq@fastcompany.com,Female,12.97.55.149
1740,Jarvis,Caverhill,jcaverhillhr@fda.gov,Genderfluid,75.111.77.7
1741,Harmonia,Ducker,hduckerhs@theatlantic.com,Female,95.59.125.172
1742,Zach,Moses,zmosesht@theglobeandmail.com,Male,17.231.6.83
1743,Alidia,Slaney,aslaneyhu@businesswire.com,Female,41.155.213.236
1744,Gale,Wheelband,gwheelbandhv@gravatar.com,Female,171.175.145.34
1745,Maxy,Brenard,mbrenardhw@sciencedirect.com,Female,81.14.184.64
1746,Alonzo,Vogeller,avogellerhx@biglobe.ne.jp,Male,69.57.50.91
1747,Hakeem,Conws,hconwshy@ftc.gov,Male,255.246.25.3
1748,Clarke,Pearce,cpearcehz@jalbum.net,Male,58.70.182.56
1749,Lynnette,Mayor,lmayori0@freewebs.com,Female,58.138.20.215
1750,Minda,Kort,mkorti1@mlb.com,Female,255.66.54.167
1751,Trevor,Bringloe,tbringloei2@pagesperso-orange.fr,Bigender,122.74.187.102
1752,Ceil,d'Arcy,cdarcyi3@discuz.net,Female,180.104.102.235
1753,Paige,Annear,panneari4@amazon.de,Male,87.65.230.172
1754,Hollyanne,Rebbeck,hrebbecki5@cbslocal.com,Female,22.102.168.132
1755,Denney,Temperton,dtempertoni6@ask.com,Male,34.47.101.212
1756,Lloyd,Ferreres,lferreresi7@census.gov,Male,35.44.159.137
1757,Nanny,Farryn,nfarryni8@dot.gov,Female,202.102.214.94
1758,Nanon,Childerley,nchilderleyi9@sciencedaily.com,Female,119.177.218.12
1759,Shanna,Berntsson,sberntssonia@issuu.com,Female,117.80.156.120
1760,Scot,Drepp,sdreppib@gov.uk,Male,181.55.155.46
1761,Adina,Andersen,aandersenic@paginegialle.it,Female,81.118.151.143
1762,Inness,Moreinu,imoreinuid@mozilla.com,Male,132.62.112.23
1763,Faustine,Habens,fhabensie@icio.us,Female,140.31.152.252
1764,Noe,Eddie,neddieif@elpais.com,Male,254.121.66.48
1765,Bren,Mangeon,bmangeonig@reddit.com,Male,79.127.192.7
1766,Alex,Harrell,aharrellih@netlog.com,Female,49.78.80.131
1767,Kaila,Kubec,kkubecii@home.pl,Female,37.35.214.106
1768,Doyle,Ailsbury,dailsburyij@jalbum.net,Male,1.30.177.248
1769,Alejandra,Weatherburn,aweatherburnik@google.nl,Female,250.127.236.64
1770,Robert,Randalston,rrandalstonil@unicef.org,Male,66.241.184.237
1771,Gino,Corneliussen,gcorneliussenim@gov.uk,Male,241.204.233.101
1772,Dexter,Leason,dleasonin@abc.net.au,Bigender,133.206.30.249
1773,Erhard,Stockport,estockportio@google.de,Male,126.240.234.107
1774,Curr,Parkes,cparkesip@photobucket.com,Male,166.7.105.8
1775,Annetta,Hewkin,ahewkiniq@youku.com,Female,88.31.216.28
1776,Stefan,Crips,scripsir@opensource.org,Male,2.206.96.149
1777,Jared,Gaenor,jgaenoris@cbsnews.com,Male,225.179.225.121
1778,Sherm,Baltrushaitis,sbaltrushaitisit@istockphoto.com,Agender,55.222.133.9
1779,Arabella,Eayres,aeayresiu@blinklist.com,Female,21.77.47.125
1780,Ralf,Addis,raddisiv@instagram.com,Male,208.199.150.211
1781,Zilvia,Jaine,zjaineiw@cbc.ca,Female,248.226.133.142
1782,Jesselyn,Knapton,jknaptonix@google.co.uk,Female,192.4.62.254
1783,Merrielle,Moye,mmoyeiy@upenn.edu,Female,253.68.185.83
1784,Ryon,Ridewood,rridewoodiz@altervista.org,Male,101.146.112.49
1785,Eva,Abrashkov,eabrashkovj0@1688.com,Female,85.86.13.217
1786,Vance,Deabill,vdeabillj1@pinterest.com,Male,225.168.155.233
1787,Cedric,Carnelley,ccarnelleyj2@shinystat.com,Male,163.8.192.139
1788,Frankie,Tuckwood,ftuckwoodj3@zimbio.com,Male,159.148.151.172
1789,Chloette,Worham,cworhamj4@ning.com,Female,226.15.119.250
1790,Carine,Dumberrill,cdumberrillj5@upenn.edu,Female,229.157.120.193
1791,Pembroke,Maddison,pmaddisonj6@hp.com,Male,128.15.235.212
1792,Cherianne,Adolf,cadolfj7@behance.net,Female,179.14.9.252
1793,Ashlin,Fynes,afynesj8@opera.com,Male,246.120.56.63
1794,Deb,Elacoate,delacoatej9@wix.com,Female,81.160.0.89
1795,Morgen,Meach,mmeachja@wufoo.com,Female,139.152.21.209
1796,Patrick,Tawton,ptawtonjb@cmu.edu,Male,111.74.67.28
1797,Shirl,Dunbavin,sdunbavinjc@pagesperso-orange.fr,Female,171.225.101.128
1798,Marna,Scramage,mscramagejd@ucsd.edu,Female,32.28.21.129
1799,Fern,Twelftree,ftwelftreeje@wired.com,Female,197.195.26.232
1800,Nikola,Cristofanini,ncristofaninijf@51.la,Bigender,216.228.133.155
1801,Rheta,Sparkes,rsparkesjg@uiuc.edu,Female,171.202.39.69
1802,Devi,Meritt,dmerittjh@imdb.com,Female,132.38.68.141
1803,Bertie,Rainer,brainerji@time.com,Bigender,233.9.105.237
1804,Trueman,Sprull,tsprulljj@ustream.tv,Male,92.116.113.130
1805,Carmencita,Weekley,cweekleyjk@apache.org,Female,186.154.47.16
1806,Dianemarie,Skalls,dskallsjl@gov.uk,Female,240.208.212.46
1807,Jenny,Trenholm,jtrenholmjm@jimdo.com,Female,243.177.254.130
1808,Gaby,Blake,gblakejn@tinyurl.com,Male,82.146.223.195
1809,Cathi,Emett,cemettjo@cmu.edu,Female,195.170.62.85
1810,Beret,Shorie,bshoriejp@ibm.com,Female,93.92.114.237
1811,Diann,Ladds,dladdsjq@illinois.edu,Female,232.0.9.205
1812,Deanne,Anfosso,danfossojr@arizona.edu,Female,79.122.23.128
1813,Silvester,Tunniclisse,stunniclissejs@tripadvisor.com,Male,107.187.6.128
1814,Nils,Tainton,ntaintonjt@oakley.com,Male,27.81.175.140
1815,Bondy,Kiehnlt,bkiehnltju@reference.com,Male,57.52.23.52
1816,Leonhard,Gaymer,lgaymerjv@digg.com,Genderqueer,5.133.191.139
1817,Court,Livermore,clivermorejw@dot.gov,Male,128.113.247.114
1818,Mahmoud,Jandl,mjandljx@de.vu,Male,154.82.116.133
1819,Horace,Bulter,hbulterjy@facebook.com,Male,225.51.54.231
1820,Jessalyn,Chasney,jchasneyjz@marketwatch.com,Female,254.33.188.215
1821,Dyann,Huggett,dhuggettk0@jalbum.net,Female,220.167.250.31
1822,Sadye,Whissell,swhissellk1@vk.com,Female,33.109.32.242
1823,Clayton,Veel,cveelk2@weather.com,Male,114.13.220.99
1824,Menard,Baptiste,mbaptistek3@cpanel.net,Male,174.16.85.77
1825,Emili,Wolstencroft,ewolstencroftk4@ocn.ne.jp,Non-binary,223.29.74.161
1826,Fritz,Polly,fpollyk5@acquirethisname.com,Male,56.70.235.59
1827,Kendal,Farman,kfarmank6@walmart.com,Male,218.239.117.225
1828,Margi,Hornung,mhornungk7@t.co,Female,191.150.25.66
1829,Jaimie,Blazey,jblazeyk8@bandcamp.com,Male,75.119.6.94
1830,Jethro,Kermitt,jkermittk9@gizmodo.com,Male,63.49.219.127
1831,Sherill,Heaford,sheafordka@buzzfeed.com,Female,147.32.175.147
1832,Valeda,Bichard,vbichardkb@icio.us,Female,30.138.196.106
1833,Gwenny,Glowach,gglowachkc@ibm.com,Female,230.255.87.125
1834,Billye,Niccolls,bniccollskd@statcounter.com,Female,122.161.95.71
1835,Elset,Balderstone,ebalderstoneke@jalbum.net,Female,129.134.89.139
1836,Dana,Prosek,dprosekkf@prlog.org,Female,242.187.229.236
1837,Packston,Rowth,prowthkg@twitpic.com,Male,237.73.37.86
1838,Neal,Raff,nraffkh@latimes.com,Male,217.174.9.52
1839,Calli,Jandl,cjandlki@ted.com,Female,175.189.174.212
1840,Yevette,Sine,ysinekj@a8.net,Female,56.188.220.50
1841,Laverna,Osban,losbankk@irs.gov,Genderfluid,118.138.215.17
1842,Bastien,Monday,bmondaykl@imgur.com,Male,234.148.77.16
1843,Carlen,Bussel,cbusselkm@plala.or.jp,Female,160.76.138.142
1844,Willdon,Stanton,wstantonkn@usgs.gov,Male,136.255.26.85
1845,Hendrick,Cobleigh,hcobleighko@cdbaby.com,Male,196.214.188.199
1846,Tymothy,Lucus,tlucuskp@dot.gov,Male,211.119.131.36
1847,Melvin,Thirwell,mthirwellkq@washingtonpost.com,Male,105.196.231.246
1848,Major,Eivers,meiverskr@ucoz.com,Male,112.66.88.109
1849,Hartley,Southan,hsouthanks@geocities.com,Male,77.52.114.112
1850,Em,Ninnis,eninniskt@cnet.com,Male,236.102.169.149
1851,Zared,Gallienne,zgallienneku@pagesperso-orange.fr,Male,219.69.208.43
1852,Eleni,Blow,eblowkv@uiuc.edu,Female,93.31.85.68
1853,Clayson,Mc Curlye,cmccurlyekw@desdev.cn,Male,17.190.230.182
1854,Bobine,Glen,bglenkx@vk.com,Female,5.191.198.137
1855,Waylen,Tedder,wtedderky@ocn.ne.jp,Male,80.35.215.193
1856,Husain,Coulthard,hcoulthardkz@house.gov,Male,243.49.181.20
1857,Milka,Branton,mbrantonl0@posterous.com,Genderqueer,224.87.61.27
1858,Chelsie,Welbeck,cwelbeckl1@businessinsider.com,Female,178.42.209.194
1859,Dulcie,Flook,dflookl2@globo.com,Female,173.70.36.33
1860,Herrick,Shipsey,hshipseyl3@ucla.edu,Male,1.213.111.93
1861,Sebastiano,Farlamb,sfarlambl4@cocolog-nifty.com,Male,55.59.218.141
1862,Brody,Brimson,bbrimsonl5@privacy.gov.au,Genderqueer,179.49.226.180
1863,Horace,Trays,htraysl6@nbcnews.com,Male,79.123.204.130
1864,Kennith,Kingdom,kkingdoml7@dropbox.com,Male,127.230.35.75
1865,Obie,Poone,opoonel8@cnbc.com,Male,160.160.163.227
1866,Kyle,Montacute,kmontacutel9@xinhuanet.com,Male,195.85.228.77
1867,Winny,Skerme,wskermela@cloudflare.com,Male,214.19.73.68
1868,Zorine,Mochar,zmocharlb@lycos.com,Female,245.37.207.4
1869,Netti,Kayes,nkayeslc@bizjournals.com,Female,174.3.74.31
1870,Alex,Bartoszewicz,abartoszewiczld@nbcnews.com,Genderfluid,186.23.140.73
1871,Kathi,Glassup,kglassuple@fastcompany.com,Female,247.244.56.38
1872,Sybil,Mouatt,smouattlf@devhub.com,Genderqueer,175.0.253.107
1873,Nappie,Moggie,nmoggielg@ask.com,Male,94.158.35.248
1874,Sutherlan,Dyerson,sdyersonlh@scientificamerican.com,Male,30.174.161.231
1875,Verene,Brumen,vbrumenli@mediafire.com,Female,4.101.10.44
1876,Ignacio,Rama,iramalj@weather.com,Male,141.224.236.71
1877,Alexandr,Cominetti,acominettilk@so-net.ne.jp,Male,170.17.56.218
1878,Dory,Cairney,dcairneyll@unicef.org,Male,45.112.215.185
1879,Evey,Alelsandrowicz,ealelsandrowiczlm@un.org,Female,114.178.150.73
1880,Savina,Burde,sburdeln@zimbio.com,Female,44.102.13.167
1881,Lanie,Cullivan,lcullivanlo@nifty.com,Female,218.38.82.98
1882,Griffith,Honacker,ghonackerlp@auda.org.au,Male,242.141.148.164
1883,Gail,Bithany,gbithanylq@stumbleupon.com,Male,158.192.101.10
1884,Katie,Chalmers,kchalmerslr@liveinternet.ru,Female,4.215.227.122
1885,Henka,Milhench,hmilhenchls@wired.com,Female,238.24.155.143
1886,Roman,Frosch,rfroschlt@hexun.com,Male,143.51.149.8
1887,Ali,Hagwood,ahagwoodlu@amazon.co.uk,Genderfluid,87.78.200.98
1888,Durant,Durbin,ddurbinlv@cpanel.net,Male,248.209.98.48
1889,Hy,MacCosto,hmaccostolw@europa.eu,Male,245.121.5.175
1890,Alfy,Sawnwy,asawnwylx@upenn.edu,Male,179.137.149.44
1891,Bev,Daouse,bdaousely@imgur.com,Female,52.143.218.148
1892,Denise,Coldham,dcoldhamlz@hao123.com,Female,24.3.75.240
1893,Xerxes,Ewence,xewencem0@chicagotribune.com,Male,105.163.43.23
1894,Waite,Sigsworth,wsigsworthm1@myspace.com,Male,70.219.251.40
1895,Olenolin,Boyat,oboyatm2@mac.com,Male,199.98.11.71
1896,Hinze,Crees,hcreesm3@reuters.com,Male,149.233.106.41
1897,Deidre,Mustin,dmustinm4@wikia.com,Female,103.32.7.239
1898,Aldis,Kamienski,akamienskim5@posterous.com,Male,214.66.58.64
1899,Valerye,Yesinin,vyesininm6@springer.com,Female,193.20.209.2
1900,Dana,Orrell,dorrellm7@earthlink.net,Male,133.199.241.24
1901,Annnora,Kefford,akeffordm8@buzzfeed.com,Agender,79.246.112.241
1902,Perkin,Hillyatt,phillyattm9@wiley.com,Male,24.32.12.94
1903,Ronny,Gamell,rgamellma@soundcloud.com,Female,35.65.171.186
1904,Reidar,Lyford,rlyfordmb@altervista.org,Male,114.207.154.4
1905,Zola,Vellden,zvelldenmc@oracle.com,Female,145.237.55.225
1906,Yetty,Guiu,yguiumd@addtoany.com,Female,238.28.88.35
1907,Linnet,Causon,lcausonme@yellowpages.com,Female,86.28.195.108
1908,Shara,Comoletti,scomolettimf@feedburner.com,Bigender,0.142.20.5
1909,Ludovika,Siemantel,lsiemantelmg@hc360.com,Non-binary,98.4.83.91
1910,Sandra,Winnister,swinnistermh@stumbleupon.com,Female,157.41.130.66
1911,Halette,Bleesing,hbleesingmi@sun.com,Female,218.139.158.137
1912,Reynolds,Hassan,rhassanmj@godaddy.com,Male,89.200.22.62
1913,Jolynn,Heersema,jheersemamk@discuz.net,Female,43.31.56.182
1914,Cesya,Tremlett,ctremlettml@mediafire.com,Female,79.48.142.175
1915,Lexi,Jailler,ljaillermm@dmoz.org,Female,209.201.26.123
1916,Megen,Tosney,mtosneymn@reddit.com,Female,66.252.253.46
1917,Weber,Yakunchikov,wyakunchikovmo@cmu.edu,Genderfluid,109.115.92.12
1918,Gail,Fry,gfrymp@google.it,Male,104.11.126.219
1919,Thedric,Tyler,ttylermq@comcast.net,Male,79.109.14.29
1920,Arly,Hugle,ahuglemr@barnesandnoble.com,Female,138.195.247.54
1921,Quintana,Robyns,qrobynsms@usnews.com,Female,32.37.52.204
1922,Humfrey,Sexstone,hsexstonemt@nih.gov,Male,96.221.220.58
1923,Porter,Snodin,psnodinmu@amazon.com,Male,204.211.114.50
1924,Andras,Stelfox,astelfoxmv@over-blog.com,Male,40.198.115.30
1925,Les,Medlicott,lmedlicottmw@cbsnews.com,Male,254.191.23.188
1926,Mayne,Riba,mribamx@independent.co.uk,Male,253.53.213.245
1927,Ansel,Longmead,alongmeadmy@odnoklassniki.ru,Male,3.101.118.226
1928,Gabie,McQuorkell,gmcquorkellmz@spotify.com,Male,85.98.201.170
1929,Marabel,Birkmyr,mbirkmyrn0@livejournal.com,Female,41.78.226.79
1930,Lexine,Grishakin,lgrishakinn1@ted.com,Female,170.147.247.63
1931,Eleni,Iacobetto,eiacobetton2@usa.gov,Agender,206.86.177.1
1932,Cory,Assinder,cassindern3@delicious.com,Non-binary,169.231.150.179
1933,Boyce,McKevin,bmckevinn4@jigsy.com,Polygender,240.98.255.162
1934,Gregoor,Longhirst,glonghirstn5@dmoz.org,Male,223.237.9.143
1935,Ely,McAmish,emcamishn6@multiply.com,Male,145.100.147.35
1936,Jessamine,Dimitru,jdimitrun7@admin.ch,Non-binary,171.149.225.102
1937,Elana,Yanne,eyannen8@aboutads.info,Female,163.167.177.181
1938,Virginia,Huson,vhusonn9@nifty.com,Polygender,233.46.245.87
1939,Collin,Van Son,cvansonna@cmu.edu,Male,69.177.220.7
1940,Tiebout,Dragonette,tdragonettenb@constantcontact.com,Male,90.122.159.0
1941,Margareta,McCanny,mmccannync@creativecommons.org,Genderqueer,215.237.169.38
1942,Gill,Simpson,gsimpsonnd@freewebs.com,Male,26.234.6.215
1943,Inessa,Edgecumbe,iedgecumbene@youtube.com,Female,133.218.94.155
1944,Renae,Bradnocke,rbradnockenf@mit.edu,Female,242.45.163.248
1945,Leyla,McCaughey,lmccaugheyng@cpanel.net,Female,159.89.139.201
1946,Jewell,Tewkesberrie,jtewkesberrienh@ameblo.jp,Female,73.146.139.232
1947,Yolane,Hartland,yhartlandni@youtu.be,Female,211.50.126.96
1948,Charles,Merry,cmerrynj@wikia.com,Male,161.197.81.0
1949,Vaughn,Metrick,vmetricknk@hubpages.com,Male,223.71.87.238
1950,Francesco,Skocroft,fskocroftnl@washingtonpost.com,Male,137.39.79.252
1951,Welby,Rooson,wroosonnm@hatena.ne.jp,Male,159.167.180.183
1952,Peter,Filson,pfilsonnn@army.mil,Male,17.12.69.9
1953,Carey,Ruppel,cruppelno@bandcamp.com,Female,103.108.104.164
1954,Lebbie,Crass,lcrassnp@patch.com,Female,190.89.247.228
1955,Agna,Stores,astoresnq@paypal.com,Female,128.176.53.248
1956,Nessie,Lowdes,nlowdesnr@youku.com,Female,201.127.39.104
1957,Norton,Atkyns,natkynsns@census.gov,Agender,221.234.3.90
1958,Brady,Nicholson,bnicholsonnt@paginegialle.it,Male,8.245.14.119
1959,Elisabeth,Draper,edrapernu@arizona.edu,Female,97.220.88.147
1960,Theresita,Gores,tgoresnv@chicagotribune.com,Female,225.146.218.21
1961,Timothy,Settle,tsettlenw@drupal.org,Male,11.93.39.6
1962,Judie,Fidgin,jfidginnx@yelp.com,Female,74.158.75.4
1963,Gerri,Stebbings,gstebbingsny@newsvine.com,Bigender,16.225.244.238
1964,Sebastiano,Colebrook,scolebrooknz@nhs.uk,Male,102.61.129.197
1965,Riannon,Durman,rdurmano0@pinterest.com,Female,226.139.37.206
1966,Ambrose,Gallamore,agallamoreo1@unicef.org,Male,131.227.203.72
1967,Johny,Tousy,jtousyo2@scribd.com,Male,135.7.13.54
1968,Ali,Robertucci,arobertuccio3@ycombinator.com,Female,92.149.194.240
1969,Ivett,Parks,iparkso4@auda.org.au,Female,66.188.0.206
1970,Melanie,Beviss,mbevisso5@bloglovin.com,Female,143.0.194.49
1971,Addia,Basilotta,abasilottao6@de.vu,Female,222.33.120.237
1972,Dyane,Raubenheim,draubenheimo7@a8.net,Female,171.60.139.98
1973,Baron,Seatter,bseattero8@alibaba.com,Male,27.63.174.186
1974,Hunt,Feather,hfeathero9@1und1.de,Male,42.250.147.60
1975,Hubert,Quigley,hquigleyoa@fastcompany.com,Genderqueer,101.123.234.163
1976,Krystalle,Keningley,kkeningleyob@reuters.com,Female,58.128.166.75
1977,Broderic,Baybutt,bbaybuttoc@slashdot.org,Male,120.247.156.95
1978,Errol,Drury,edruryod@ebay.co.uk,Male,222.50.145.113
1979,Darrick,Llewhellin,dllewhellinoe@google.ca,Male,67.184.48.6
1980,Nanci,Imm,nimmof@technorati.com,Female,32.114.235.187
1981,Connie,Habden,chabdenog@intel.com,Female,176.203.174.17
1982,Mavra,Lehmann,mlehmannoh@gizmodo.com,Female,162.33.155.234
1983,Joelle,Node,jnodeoi@plala.or.jp,Female,81.143.202.71
1984,Sada,Murtagh,smurtaghoj@bravesites.com,Female,1.60.254.55
1985,Davey,Read,dreadok@privacy.gov.au,Male,56.19.190.84
1986,Garrik,Coronado,gcoronadool@vkontakte.ru,Male,195.37.16.208
1987,Casey,Stiebler,cstieblerom@bluehost.com,Male,17.41.141.165
1988,Brenn,Sallnow,bsallnowon@instagram.com,Female,249.41.224.135
1989,Willey,Rutland,wrutlandoo@ezinearticles.com,Male,145.212.189.174
1990,Mark,Dunsleve,mdunsleveop@princeton.edu,Male,147.47.201.245
1991,Etienne,Berrey,eberreyoq@networksolutions.com,Male,145.69.130.170
1992,Bruis,Waddup,bwaddupor@typepad.com,Male,86.149.101.3
1993,Oralee,Giacovazzo,ogiacovazzoos@icq.com,Female,86.26.251.14
1994,Marve,Broderick,mbroderickot@linkedin.com,Male,157.234.53.213
1995,Ruy,Ceillier,rceillierou@npr.org,Non-binary,0.43.179.106
1996,Der,Peinton,dpeintonov@reddit.com,Male,229.84.4.88
1997,Raina,Doggart,rdoggartow@ibm.com,Female,105.111.129.218
1998,Barr,Ebbings,bebbingsox@prlog.org,Male,69.123.127.47
1999,Benyamin,Seywood,bseywoodoy@economist.com,Male,53.202.251.254
2000,Wendy,Byars,wbyarsoz@msn.com,Female,144.52.105.214
2001,Karola,McIlhone,kmcilhonep0@soup.io,Female,246.83.210.131
2002,Dougie,Tschierasche,dtschieraschep1@google.ca,Male,179.252.81.61
2003,Cameron,Feldon,cfeldonp2@i2i.jp,Male,125.148.139.144
2004,Joli,Henriet,jhenrietp3@unc.edu,Female,253.144.216.13
2005,Ilse,Loggie,iloggiep4@xing.com,Female,229.11.253.15
2006,Constantine,McHugh,cmchughp5@cloudflare.com,Male,236.239.248.138
2007,Mata,Trustrie,mtrustriep6@com.com,Male,107.146.62.244
2008,Gery,Hulcoop,ghulcoopp7@live.com,Male,210.242.56.175
2009,Karrie,Hartless,khartlessp8@mac.com,Female,210.153.228.33
2010,Gaelan,Shemwell,gshemwellp9@constantcontact.com,Male,217.188.79.160
2011,La verne,Priestley,lpriestleypa@tinyurl.com,Female,87.81.204.241
2012,Niall,Doohey,ndooheypb@theguardian.com,Genderqueer,99.73.47.170
2013,Putnem,Pady,ppadypc@webeden.co.uk,Male,254.50.111.58
2014,Burl,Michele,bmichelepd@auda.org.au,Male,105.193.36.54
2015,Loree,Simmance,lsimmancepe@zdnet.com,Non-binary,191.182.148.98
2016,Shelden,Andrichuk,sandrichukpf@icq.com,Male,42.186.142.44
2017,Ambrose,Filippazzo,afilippazzopg@feedburner.com,Male,224.168.238.8
2018,Staci,Bleue,sbleueph@yellowpages.com,Female,214.250.255.93
2019,Case,Doyley,cdoyleypi@wired.com,Male,107.253.188.179
2020,Juieta,Combe,jcombepj@ustream.tv,Female,162.111.146.143
2021,Huntington,Rilings,hrilingspk@domainmarket.com,Male,28.219.188.194
2022,Liane,Box,lboxpl@adobe.com,Female,227.37.20.227
2023,Chaddy,Melin,cmelinpm@time.com,Male,59.185.121.146
2024,Lita,Wallas,lwallaspn@gov.uk,Female,201.161.149.204
2025,Glenda,Stoyle,gstoylepo@jigsy.com,Agender,189.5.253.122
2026,Barry,Dumbar,bdumbarpp@godaddy.com,Female,221.218.119.112
2027,Krissie,Stegers,kstegerspq@wikia.com,Female,49.139.69.63
2028,Phylys,Atwood,patwoodpr@noaa.gov,Female,37.235.181.64
2029,Bern,Blacklock,bblacklockps@nyu.edu,Male,105.173.50.154
2030,Jere,Hance,jhancept@jigsy.com,Female,52.154.101.127
2031,Tremain,Clausen-Thue,tclausenthuepu@huffingtonpost.com,Male,92.198.102.165
2032,Sada,Fenne,sfennepv@pinterest.com,Female,68.173.102.167
2033,Aleksandr,Raspel,araspelpw@tumblr.com,Male,122.177.90.189
2034,Nicol,Valenta,nvalentapx@bravesites.com,Male,204.100.73.188
2035,Westbrook,Dupree,wdupreepy@goo.ne.jp,Male,87.9.47.47
2036,Thaddeus,Anton,tantonpz@myspace.com,Male,215.246.159.155
2037,Consolata,Hartland,chartlandq0@census.gov,Female,242.140.237.68
2038,Billy,Edgeworth,bedgeworthq1@1688.com,Female,130.68.120.228
2039,Lennie,Burgher,lburgherq2@aboutads.info,Male,81.169.223.173
2040,Emelina,Moxham,emoxhamq3@purevolume.com,Female,80.107.110.62
2041,Mathias,Keerl,mkeerlq4@usgs.gov,Male,28.115.202.103
2042,Filbert,Chesher,fchesherq5@huffingtonpost.com,Male,217.187.40.18
2043,Marsiella,Bruce,mbruceq6@google.ru,Female,66.109.223.169
2044,Lucille,Clowney,lclowneyq7@nymag.com,Female,145.184.165.146
2045,Free,Skellen,fskellenq8@walmart.com,Male,240.111.29.125
2046,Lura,Musker,lmuskerq9@github.com,Female,15.180.163.76
2047,Jermaine,Whybray,jwhybrayqa@cbsnews.com,Male,90.5.95.243
2048,Shellie,Leasor,sleasorqb@umich.edu,Female,81.139.220.18
2049,Vasilis,Titlow,vtitlowqc@europa.eu,Male,113.215.235.10
2050,Bobbye,Wehner,bwehnerqd@upenn.edu,Female,205.197.73.211
2051,Violette,Lyst,vlystqe@msn.com,Female,14.251.43.181
2052,Daisi,Vanyatin,dvanyatinqf@unicef.org,Female,11.118.247.178
2053,Farrel,Smitton,fsmittonqg@nature.com,Male,249.5.55.84
2054,Kelwin,Crossgrove,kcrossgroveqh@nasa.gov,Male,162.112.35.48
2055,Shayne,Courtman,scourtmanqi@comcast.net,Male,177.59.224.211
2056,Lothaire,Blois,lbloisqj@loc.gov,Male,101.55.82.187
2057,Mayne,Drewet,mdrewetqk@skype.com,Male,154.93.195.60
2058,Win,Urvoy,wurvoyql@imageshack.us,Bigender,119.58.179.41
2059,Waring,Van,wvanqm@youtube.com,Male,196.215.187.232
2060,Bianka,Aves,bavesqn@devhub.com,Female,15.233.179.130
2061,Danny,Barbrook,dbarbrookqo@berkeley.edu,Female,114.90.148.24
2062,Janet,McNeish,jmcneishqp@nifty.com,Female,89.61.244.120
2063,Elwin,Guilliland,eguillilandqq@sbwire.com,Bigender,29.136.8.247
2064,Aimil,Giberd,agiberdqr@joomla.org,Female,252.195.21.230
2065,Inigo,Dake,idakeqs@dedecms.com,Male,75.84.57.180
2066,Adah,Reedshaw,areedshawqt@phoca.cz,Genderqueer,61.135.129.170
2067,Muffin,Jirusek,mjirusekqu@mail.ru,Male,27.47.168.53
2068,Jozef,Bissiker,jbissikerqv@java.com,Male,15.61.119.8
2069,Claretta,Aronstein,caronsteinqw@cnn.com,Female,23.17.9.169
2070,Raychel,Farron,rfarronqx@bing.com,Female,133.208.127.253
2071,Alford,Greatbank,agreatbankqy@cnbc.com,Male,13.84.213.157
2072,Megen,Wallice,mwalliceqz@alexa.com,Genderfluid,57.106.163.163
2073,Bartholomew,Saddler,bsaddlerr0@people.com.cn,Male,44.69.16.135
2074,Lyssa,Essberger,lessbergerr1@ibm.com,Female,125.192.255.76
2075,Cloe,Brunetti,cbrunettir2@nbcnews.com,Female,75.191.227.138
2076,Aubine,Lunbech,alunbechr3@discuz.net,Female,190.156.236.231
2077,Dorothee,MacKibbon,dmackibbonr4@msu.edu,Female,210.242.249.23
2078,Garrett,Learie,glearier5@google.fr,Male,156.54.232.128
2079,Tracy,Jenckes,tjenckesr6@buzzfeed.com,Genderfluid,15.100.221.20
2080,Abby,Davydenko,adavydenkor7@xing.com,Female,64.39.151.183
2081,Edithe,Searchfield,esearchfieldr8@taobao.com,Female,128.46.218.253
2082,Toinette,Beevor,tbeevorr9@tuttocitta.it,Female,188.157.71.250
2083,Grove,M'cowis,gmcowisra@thetimes.co.uk,Male,42.194.159.173
2084,Kenna,Keedwell,kkeedwellrb@chron.com,Female,142.132.37.171
2085,Tiffanie,Mixter,tmixterrc@harvard.edu,Female,204.234.161.1
2086,Anders,Hedge,ahedgerd@sourceforge.net,Male,242.80.240.222
2087,Valerye,Dowe,vdowere@pcworld.com,Female,162.112.121.91
2088,Niven,Cyseley,ncyseleyrf@github.com,Male,199.32.6.12
2089,Morissa,Argabrite,margabriterg@tamu.edu,Female,29.179.84.7
2090,Sadye,Boutwell,sboutwellrh@altervista.org,Female,206.103.76.91
2091,Whitney,Lowther,wlowtherri@europa.eu,Male,114.163.243.129
2092,Averil,Grzeszczyk,agrzeszczykrj@tinypic.com,Male,152.147.174.25
2093,Stanly,Aliberti,salibertirk@sun.com,Male,84.244.235.218
2094,Scotti,O'Hagirtie,sohagirtierl@deviantart.com,Male,176.73.34.201
2095,Sayer,Guyot,sguyotrm@miibeian.gov.cn,Male,174.105.46.71
2096,Sandy,Pedley,spedleyrn@wisc.edu,Female,232.111.41.191
2097,Dorita,Ruckman,druckmanro@fema.gov,Female,115.188.36.154
2098,Suzanne,Dingley,sdingleyrp@mail.ru,Polygender,116.65.218.138
2099,Aldric,Oventon,aoventonrq@4shared.com,Male,163.144.171.155
2100,Falkner,Casbourne,fcasbournerr@ftc.gov,Male,57.133.111.30
