id,first_name,last_name,email,gender,ip_address
1,Adelina,Tesmond,atesmond0@friendfeed.com,Female,1.140.67.220
2,Cully,Georgot,cgeorgot1@about.com,Male,239.87.222.143
3,Darill,Pinyon,dpinyon2@ustream.tv,Male,28.162.157.195
4,Yalonda,Alford,yalford3@vimeo.com,Female,28.167.104.195
5,Packston,Siggery,psiggery4@china.com.cn,Male,213.166.218.75
6,Gunter,Billyeald,gbillyeald5@pbs.org,Male,26.99.233.152
7,Melvyn,Larking,mlarking6@tumblr.com,Male,93.212.59.226
8,Jillene,Kayzer,jkayzer7@va.gov,Female,164.109.24.16
9,Shay,Dunford,sdunford8@stanford.edu,Male,223.165.1.120
10,Bria,Hullot,bhullot9@mac.com,Female,214.59.118.108
11,Job,Tolan,jtolana@wix.com,Male,13.96.167.194
12,Modestia,Gogan,mgoganb@nasa.gov,Non-binary,47.131.73.79
13,Cortie,Lingfoot,clingfootc@drupal.org,Male,84.191.245.202
14,Haven,Bladon,hbladond@google.co.jp,Male,50.164.58.55
15,Pierette,Saldler,psaldlere@soup.io,Female,51.48.99.244
16,Catarina,Rival,crivalf@example.com,Female,230.215.229.113
17,Johnathon,Tupp,jtuppg@dailymail.co.uk,Male,208.119.159.175
18,Lissie,Buscombe,lbuscombeh@tiny.cc,Female,8.161.33.74
19,Perrine,Golton,pgoltoni@admin.ch,Non-binary,212.5.67.206
20,Denise,Bilsford,dbilsfordj@opera.com,Female,143.114.236.40
21,Wainwright,Wonham,wwonhamk@spiegel.de,Male,151.79.203.74
22,Almire,Portman,aportmanl@columbia.edu,Female,85.69.93.228
23,Mira,Slane,mslanem@ihg.com,Non-binary,37.58.169.115
24,Gary,Weekes,gweekesn@discovery.com,Male,130.124.226.77
25,Xymenes,Qualtrough,xqualtrougho@psu.edu,Male,56.94.43.87
26,Gerti,Favell,gfavellp@google.com.au,Female,236.20.60.181
27,Cathi,Reimer,creimerq@wikia.com,Polygender,167.202.200.8
28,Angus,Calway,acalwayr@wikimedia.org,Male,236.246.77.132
29,Orazio,Glenny,oglennys@mysql.com,Male,179.0.117.206
30,Vernor,Le Gallo,vlegallot@yahoo.co.jp,Male,4.201.110.1
31,Raimund,Kiddell,rkiddellu@ustream.tv,Bigender,75.203.139.124
32,Shadow,Jarrell,sjarrellv@constantcontact.com,Male,57.251.149.21
33,Reba,I'anson,riansonw@surveymonkey.com,Genderqueer,60.125.113.128
34,Carline,Ovington,covingtonx@nature.com,Female,185.21.29.133
35,Debbi,Djordjevic,ddjordjevicy@yelp.com,Genderfluid,173.28.30.20
36,Ernestus,Werrett,ewerrettz@cmu.edu,Male,92.249.157.40
37,Nataline,Amort,namort10@dagondesign.com,Female,117.237.43.96
38,Kettie,Fonte,kfonte11@virginia.edu,Female,94.154.10.109
39,Michaeline,Stanyland,mstanyland12@tuttocitta.it,Female,248.250.251.9
40,Etta,Zanazzi,ezanazzi13@goo.ne.jp,Polygender,13.124.195.248
41,Heather,Parrot,hparrot14@walmart.com,Female,234.198.20.232
42,Forrest,Ebbs,febbs15@geocities.com,Male,170.183.95.5
43,Ingram,Jerrems,ijerrems16@facebook.com,Male,170.142.157.9
44,Alister,Itzakson,aitzakson17@ca.gov,Male,88.225.184.40
45,Melly,Feighney,mfeighney18@abc.net.au,Female,96.182.81.185
46,Tadeas,Boissieux,tboissieux19@go.com,Male,206.159.117.109
47,Janith,Ingre,jingre1a@illinois.edu,Female,221.206.132.143
48,Naomi,Demko,ndemko1b@theglobeandmail.com,Bigender,72.153.40.216
49,Almeda,Idenden,aidenden1c@squidoo.com,Female,214.15.64.85
50,Florette,Kittman,fkittman1d@cmu.edu,Female,186.98.119.18
51,Nissy,Willatts,nwillatts1e@gov.uk,Female,64.242.41.40
52,Waylen,Flippini,wflippini1f@xing.com,Male,9.9.139.19
53,Shaughn,Larroway,slarroway1g@mozilla.com,Male,21.171.107.50
54,Margaux,Titford,mtitford1h@cbslocal.com,Female,72.121.185.205
55,Kali,Giral,kgiral1i@privacy.gov.au,Female,227.97.65.210
56,Mack,Brass,mbrass1j@google.pl,Agender,53.254.93.130
57,Winona,Fragino,wfragino1k@bigcartel.com,Female,199.139.138.74
58,Reinold,Backs,rbacks1l@exblog.jp,Male,191.197.141.206
59,Avrom,McInerney,amcinerney1m@pcworld.com,Male,27.168.116.134
60,Bette,Raffin,braffin1n@opensource.org,Female,53.235.243.140
61,Issy,Kissack,ikissack1o@house.gov,Female,96.196.171.37
62,Reginauld,Vuittet,rvuittet1p@51.la,Male,251.106.123.210
63,Kipper,Ireson,kireson1q@epa.gov,Male,115.31.192.212
64,Myrna,Feldstern,mfeldstern1r@blinklist.com,Female,56.78.224.125
65,Thomasine,MacMorland,tmacmorland1s@wikimedia.org,Female,237.184.177.102
66,Rafaello,Gooley,rgooley1t@miibeian.gov.cn,Male,245.187.112.45
67,Easter,Ayllett,eayllett1u@pcworld.com,Female,73.129.122.17
68,Alexei,Dizlie,adizlie1v@phoca.cz,Male,215.13.234.46
69,Casi,Brodbin,cbrodbin1w@jigsy.com,Female,70.230.71.99
70,Kearney,Hobbing,khobbing1x@opensource.org,Male,113.30.229.26
71,Reiko,Rijkeseis,rrijkeseis1y@cargocollective.com,Polygender,186.129.203.234
72,Pepito,Broadbear,pbroadbear1z@jiathis.com,Male,178.51.108.47
73,Pieter,Sexti,psexti20@vistaprint.com,Male,181.99.64.54
74,Nicoli,Connechie,nconnechie21@freewebs.com,Female,64.194.246.179
75,Elysee,Castagnet,ecastagnet22@over-blog.com,Female,186.97.238.12
76,Seumas,Guittet,sguittet23@wp.com,Male,118.214.225.172
77,Eveleen,Marwood,emarwood24@51.la,Female,225.101.124.119
78,Silvan,Flemyng,sflemyng25@jimdo.com,Male,121.226.96.19
79,Marlow,Rhymes,mrhymes26@friendfeed.com,Male,163.209.55.62
80,Paul,Fetherston,pfetherston27@dell.com,Male,41.169.116.108
81,Eba,Vasyaev,evasyaev28@ehow.com,Female,56.109.130.103
82,Eleanore,Alyokhin,ealyokhin29@elegantthemes.com,Female,70.13.33.189
83,Adoree,Oulet,aoulet2a@pbs.org,Female,61.32.88.203
84,Dion,Blasoni,dblasoni2b@state.tx.us,Male,173.190.122.217
85,Marie,Izatson,mizatson2c@imageshack.us,Female,149.57.44.116
86,Banky,Youngs,byoungs2d@hp.com,Male,250.112.200.216
87,Berti,Seyers,bseyers2e@drupal.org,Female,245.69.34.139
88,Lucinda,Munn,lmunn2f@tumblr.com,Female,249.111.123.237
89,Monique,Fealey,mfealey2g@msn.com,Female,180.247.245.209
90,Dory,Gawn,dgawn2h@google.pl,Male,139.55.52.251
91,Arlen,Greiswood,agreiswood2i@sciencedaily.com,Male,14.99.109.85
92,Lyle,Allchin,lallchin2j@paginegialle.it,Male,128.113.141.243
93,Hirsch,Keilloh,hkeilloh2k@linkedin.com,Male,13.171.192.181
94,Raimondo,Flanigan,rflanigan2l@jiathis.com,Male,141.131.113.101
95,Corinna,Ebbin,cebbin2m@amazonaws.com,Female,185.201.110.47
96,Luelle,Warbrick,lwarbrick2n@nih.gov,Female,107.190.218.177
97,Claiborne,Dunkerton,cdunkerton2o@cbslocal.com,Genderfluid,239.120.95.209
98,Alison,Verrick,averrick2p@buzzfeed.com,Non-binary,102.150.19.141
99,Peria,Northall,pnorthall2q@cmu.edu,Female,27.20.57.246
100,Luci,Croyser,lcroyser2r@addtoany.com,Female,52.199.118.127
