id,first_name,last_name,email,gender,ip_address
101,Jeannette,Fiddyment,jfiddyment0@state.gov,Female,142.132.177.94
102,Christoper,Coom,ccoom1@ning.com,Male,249.188.70.6
103,Kelcy,Maggs,kmaggs2@nifty.com,Female,1.75.77.214
104,Kelsi,Harbar,kharbar3@so-net.ne.jp,Female,147.198.152.188
105,Tamqrah,Sprott,tsprott4@dropbox.com,Female,31.46.122.190
106,Coletta,Dodds,cdodds5@prnewswire.com,Female,243.72.245.74
107,Irvine,Gebuhr,igebuhr6@statcounter.com,Male,83.254.217.29
108,Homer,Bassett,hbassett7@psu.edu,Male,192.230.203.19
109,Ogdon,Targe,otarge8@php.net,Male,154.57.48.15
110,Mala,Guppey,mguppey9@virginia.edu,Female,42.32.189.72
111,Freda,Cadwallader,fcadwalladera@sciencedirect.com,Bigender,114.160.115.41
112,Alfy,Sherbourne,asherbourneb@mail.ru,Male,213.158.0.17
113,Pattie,Humbles,phumblesc@symantec.com,Male,113.203.231.43
114,Alisha,Cahen,acahend@alibaba.com,Female,166.75.127.124
115,Bartholemy,Pollak,bpollake@topsy.com,Male,22.220.245.38
116,Jeanna,Milne,jmilnef@shutterfly.com,Female,178.247.54.230
117,Bobby,Folland,bfollandg@uiuc.edu,Female,87.244.29.108
118,Carine,Lawler,clawlerh@stanford.edu,Female,104.117.71.215
119,Marlin,Kirckman,mkirckmani@artisteer.com,Male,156.20.5.18
120,Dud,Sarah,dsarahj@t.co,Male,136.173.81.10
121,Gerhard,Leatham,gleathamk@nydailynews.com,Polygender,105.78.243.227
122,Clo,Le Noir,clenoirl@live.com,Female,219.57.227.106
123,Gretna,Whifen,gwhifenm@ucoz.ru,Female,145.21.152.86
124,Gareth,Mattheissen,gmattheissenn@usnews.com,Male,47.176.115.173
125,Dominik,Arney,darneyo@cocolog-nifty.com,Male,194.178.27.67
126,Alec,Morde,amordep@jigsy.com,Male,193.108.100.25
127,Chelsea,Arnason,carnasonq@flavors.me,Female,197.104.52.197
128,Craggie,Atcheson,catchesonr@phpbb.com,Male,91.224.207.156
129,Lutero,Rubin,lrubins@google.es,Male,246.243.24.144
130,Cly,Laker,clakert@pen.io,Genderfluid,91.225.145.242
131,Dennie,Keher,dkeheru@artisteer.com,Male,243.39.211.34
132,Vita,Domenget,vdomengetv@google.pl,Female,48.19.134.208
133,Theodor,Gogan,tgoganw@umn.edu,Male,184.156.142.240
134,Yorker,Brownlow,ybrownlowx@wikia.com,Male,218.139.38.34
135,Gwendolyn,Quixley,gquixleyy@marriott.com,Female,125.205.79.119
136,Zeke,Paschek,zpaschekz@1und1.de,Male,108.148.147.179
137,Wendel,Gerok,wgerok10@t-online.de,Male,186.36.120.228
138,Delmore,Selbie,dselbie11@google.com.hk,Male,190.223.105.192
139,Jessamine,Piatkow,jpiatkow12@sakura.ne.jp,Female,12.200.134.35
140,Cherrita,Greeno,cgreeno13@adobe.com,Female,20.49.36.23
141,Jaquelyn,Kettley,jkettley14@ted.com,Female,89.201.41.14
142,Jaquith,Seeborne,jseeborne15@economist.com,Female,207.125.25.100
143,Cathrin,Roux,croux16@tripadvisor.com,Female,6.187.224.118
144,Kerby,Grigsby,kgrigsby17@sohu.com,Male,80.217.93.111
145,Jobey,Skoate,jskoate18@tripadvisor.com,Female,243.66.111.171
146,Waylan,Ault,wault19@deviantart.com,Male,25.58.171.82
147,Charline,Zmitrovich,czmitrovich1a@slashdot.org,Non-binary,45.19.44.93
148,Gussie,Bullough,gbullough1b@eventbrite.com,Female,155.59.109.15
149,Tillie,Matthieson,tmatthieson1c@sbwire.com,Agender,173.52.231.129
150,Pate,Salerg,psalerg1d@is.gd,Male,91.162.73.7
151,Levy,Lovekin,llovekin1e@ovh.net,Male,1.72.49.231
152,Lynnet,Beddis,lbeddis1f@mit.edu,Female,255.152.26.167
153,Kacie,Wittrington,kwittrington1g@barnesandnoble.com,Female,192.11.165.180
154,Jolynn,Hyde-Chambers,jhydechambers1h@spotify.com,Female,138.211.250.51
155,Fernando,Bather,fbather1i@sphinn.com,Polygender,149.249.62.47
156,Jemmy,Bassingham,jbassingham1j@xinhuanet.com,Female,117.66.154.150
157,Evonne,Garaghan,egaraghan1k@macromedia.com,Female,83.215.123.215
158,Berny,Steere,bsteere1l@bigcartel.com,Female,83.150.237.82
159,Tersina,Cunniffe,tcunniffe1m@noaa.gov,Female,113.192.5.50
160,Welbie,Wicklin,wwicklin1n@live.com,Agender,91.68.103.81
161,Jermain,Artin,jartin1o@technorati.com,Male,119.85.237.66
162,Dania,Abrahmson,dabrahmson1p@stumbleupon.com,Female,168.198.96.236
163,Putnem,Fradgley,pfradgley1q@indiegogo.com,Male,79.202.222.226
164,Marven,Kliemke,mkliemke1r@youtube.com,Male,22.145.107.64
165,Colleen,Simenel,csimenel1s@ucoz.ru,Female,73.214.121.92
166,Elyse,Baignard,ebaignard1t@abc.net.au,Female,32.48.92.106
167,Hoebart,Budgeon,hbudgeon1u@howstuffworks.com,Male,98.227.232.126
168,Lucinda,Shave,lshave1v@hugedomains.com,Female,126.70.137.228
169,Wilhelmina,Revie,wrevie1w@goodreads.com,Female,172.139.123.233
170,Porter,Hundy,phundy1x@unicef.org,Male,75.122.248.161
171,Krisha,Manser,kmanser1y@yolasite.com,Male,97.72.12.143
172,Meier,Wilkennson,mwilkennson1z@pinterest.com,Male,130.200.13.112
173,Vilma,Procter,vprocter20@youtu.be,Female,249.241.1.239
174,Krystle,Tegler,ktegler21@bandcamp.com,Female,135.33.137.25
175,Rici,Kase,rkase22@wired.com,Female,120.216.58.37
176,Eryn,Scarr,escarr23@chron.com,Female,235.16.159.38
177,Idelle,Thrustle,ithrustle24@hc360.com,Female,210.9.10.82
178,Doreen,Bick,dbick25@hubpages.com,Female,53.165.228.173
179,Angelina,Herculson,aherculson26@icio.us,Bigender,198.71.194.114
180,Fransisco,Almak,falmak27@ow.ly,Male,210.183.104.36
181,Beale,Escofier,bescofier28@amazon.de,Male,248.162.100.107
182,Nana,Kobieriecki,nkobieriecki29@ovh.net,Female,114.130.134.198
183,Ellette,Olivazzi,eolivazzi2a@vkontakte.ru,Female,250.10.209.61
184,Tadio,Aberdeen,taberdeen2b@ucoz.ru,Polygender,70.145.82.124
185,Carey,Oloman,coloman2c@ow.ly,Female,100.99.240.84
186,Marika,Gilroy,mgilroy2d@cmu.edu,Non-binary,237.102.165.243
187,Edie,Larking,elarking2e@ucoz.ru,Non-binary,217.210.244.34
188,Natalee,Tower,ntower2f@icio.us,Female,18.57.135.55
189,Veradis,Roubeix,vroubeix2g@addtoany.com,Female,169.107.196.59
190,Clerc,Tooley,ctooley2h@japanpost.jp,Male,155.180.18.222
191,Irma,Noddles,inoddles2i@dedecms.com,Female,165.62.138.143
192,Gregor,Sparrowe,gsparrowe2j@narod.ru,Bigender,231.43.94.102
193,Keslie,Ziehms,kziehms2k@yolasite.com,Female,0.124.32.13
194,Shina,Braund,sbraund2l@nbcnews.com,Non-binary,113.159.171.73
195,Merrie,Pardie,mpardie2m@theglobeandmail.com,Female,97.96.96.33
196,Zebulon,Willarton,zwillarton2n@dedecms.com,Male,48.168.26.232
197,Colline,Domerc,cdomerc2o@posterous.com,Female,10.104.91.223
198,Walker,Fricke,wfricke2p@washingtonpost.com,Male,14.135.66.150
199,Alysia,Luetkemeyer,aluetkemeyer2q@loc.gov,Female,251.48.219.215
200,Barnabe,Vinker,bvinker2r@cornell.edu,Male,187.139.203.80
201,Gray,O'dell,godell2s@yahoo.co.jp,Female,162.94.152.231
202,Madelin,Truin,mtruin2t@hugedomains.com,Female,246.118.221.206
203,Kelley,Feake,kfeake2u@npr.org,Male,163.91.105.117
204,Mollie,Castiglione,mcastiglione2v@google.co.uk,Female,211.116.69.90
205,Melinde,Haughin,mhaughin2w@census.gov,Female,154.23.99.40
206,Rorie,Moncreif,rmoncreif2x@google.de,Female,50.41.255.51
207,Cornie,Juste,cjuste2y@1und1.de,Male,104.205.252.210
208,Celina,Delue,cdelue2z@so-net.ne.jp,Female,42.95.103.159
209,Spencer,Leonarde,sleonarde30@seattletimes.com,Male,49.8.65.173
210,Hart,Bray,hbray31@canalblog.com,Male,161.87.119.35
211,Alf,Gate,agate32@altervista.org,Male,72.23.7.184
212,Alexei,Tezure,atezure33@ezinearticles.com,Male,24.124.126.92
213,Laughton,Mauser,lmauser34@ihg.com,Male,95.206.68.178
214,Eldridge,Duddy,eduddy35@bluehost.com,Male,126.58.69.25
215,Fletch,Raubenheimers,fraubenheimers36@google.co.jp,Male,61.138.128.244
216,Clifford,Calcott,ccalcott37@networkadvertising.org,Male,180.103.18.14
217,Gareth,Padefield,gpadefield38@dailymail.co.uk,Polygender,102.98.235.211
218,Olympie,Paramor,oparamor39@dot.gov,Female,230.63.81.142
219,Lisetta,Brymham,lbrymham3a@angelfire.com,Female,0.8.52.131
220,Cherida,Neicho,cneicho3b@washingtonpost.com,Genderqueer,56.210.235.124
221,Othello,Robeiro,orobeiro3c@yellowpages.com,Male,197.58.159.215
222,Nanni,Shier,nshier3d@nationalgeographic.com,Female,118.66.208.121
223,Wakefield,Beatty,wbeatty3e@psu.edu,Male,107.90.123.247
224,Wynny,Readshall,wreadshall3f@loc.gov,Female,2.72.8.73
225,Celene,Bevan,cbevan3g@merriam-webster.com,Female,164.100.163.226
226,Melodee,Skate,mskate3h@nymag.com,Female,27.9.180.200
227,Marys,Lundberg,mlundberg3i@is.gd,Female,98.182.35.39
228,Cello,Probate,cprobate3j@senate.gov,Male,85.109.11.69
229,Corie,Morgan,cmorgan3k@tinyurl.com,Female,251.192.0.153
230,Susan,Tukesby,stukesby3l@walmart.com,Female,220.222.255.28
231,Thurstan,Pietron,tpietron3m@illinois.edu,Male,107.145.155.18
232,Fayette,Illingworth,fillingworth3n@furl.net,Female,120.171.90.212
233,Edgard,Nurse,enurse3o@homestead.com,Male,250.86.23.149
234,Batholomew,Obington,bobington3p@ucoz.ru,Male,16.32.25.111
235,Kermit,Breakspear,kbreakspear3q@indiatimes.com,Male,42.144.121.239
236,Griz,Broxap,gbroxap3r@de.vu,Bigender,241.1.155.119
237,Ilsa,Olliar,iolliar3s@amazon.de,Female,44.155.146.202
238,Jaquith,Toler,jtoler3t@deliciousdays.com,Female,233.72.99.211
239,Jo,Fearnall,jfearnall3u@privacy.gov.au,Female,5.196.187.241
240,Cyndy,Hindsberg,chindsberg3v@pagesperso-orange.fr,Female,21.225.201.122
241,Reynolds,Pelham,rpelham3w@toplist.cz,Male,32.144.57.89
242,Erich,Aldine,ealdine3x@surveymonkey.com,Male,157.31.231.85
243,Norton,Tindall,ntindall3y@un.org,Male,52.60.164.54
244,Travis,Shankland,tshankland3z@salon.com,Male,92.57.9.24
245,Florella,Howman,fhowman40@springer.com,Female,170.165.245.169
246,Vittorio,Worgen,vworgen41@friendfeed.com,Male,108.185.147.67
247,Carrie,Frith,cfrith42@google.ru,Female,6.187.207.148
248,Gabrila,Bagby,gbagby43@ft.com,Female,70.253.163.80
249,Dylan,Robers,drobers44@spotify.com,Male,245.244.36.18
250,Addison,Bronger,abronger45@free.fr,Male,62.68.64.144
251,Tam,McTague,tmctague46@adobe.com,Male,8.17.197.87
252,Pepe,McSporon,pmcsporon47@blinklist.com,Male,196.192.104.124
253,Adaline,Dannehl,adannehl48@discovery.com,Female,241.186.16.52
254,Cloe,Willoughey,cwilloughey49@theguardian.com,Female,243.111.37.13
255,Adriane,Mendes,amendes4a@ftc.gov,Female,118.74.120.158
256,Raoul,Fuke,rfuke4b@seesaa.net,Male,131.95.22.98
257,Agatha,Guillard,aguillard4c@bbc.co.uk,Female,104.132.152.161
258,Rosalyn,Matis,rmatis4d@dyndns.org,Agender,76.72.119.112
259,Rik,Gallagher,rgallagher4e@state.tx.us,Male,23.207.0.58
260,Phyllis,Maber,pmaber4f@fda.gov,Female,221.76.189.39
261,Tania,Assiratti,tassiratti4g@tuttocitta.it,Female,244.218.0.32
262,Gabriel,Manntschke,gmanntschke4h@state.gov,Female,183.119.223.142
263,Payton,Martschke,pmartschke4i@msn.com,Male,71.146.202.133
264,Kelby,Docwra,kdocwra4j@dailymail.co.uk,Male,142.116.138.91
265,Janean,Hoyes,jhoyes4k@globo.com,Female,89.183.112.57
266,Nicki,Wisdish,nwisdish4l@hostgator.com,Female,149.242.101.57
267,Duke,Templeton,dtempleton4m@ucsd.edu,Male,0.73.218.47
268,Samuel,Gherardini,sgherardini4n@yahoo.co.jp,Male,7.114.97.208
269,Carrol,Eacott,ceacott4o@unblog.fr,Male,25.90.253.86
270,Berenice,Chellam,bchellam4p@sakura.ne.jp,Female,158.187.56.228
271,Hildagarde,Yaldren,hyaldren4q@princeton.edu,Female,20.237.189.245
272,Kerby,Haglinton,khaglinton4r@businessinsider.com,Male,167.161.103.8
273,Devon,Chapelhow,dchapelhow4s@seesaa.net,Female,182.113.31.164
274,Rheba,Downie,rdownie4t@mozilla.com,Female,235.253.39.234
275,Aaron,Brayshay,abrayshay4u@technorati.com,Male,78.18.122.168
276,Mayor,Liveing,mliveing4v@wix.com,Male,161.15.150.203
277,Ruthann,Rushford,rrushford4w@ask.com,Female,150.14.112.146
278,Aymer,Alger,aalger4x@privacy.gov.au,Male,69.251.119.225
279,Rozamond,Andersen,randersen4y@aboutads.info,Female,195.115.75.10
280,Rozele,Patty,rpatty4z@vk.com,Agender,16.13.228.46
281,Gertie,Johnsee,gjohnsee50@indiegogo.com,Female,209.41.38.99
282,Alessandra,Eaklee,aeaklee51@tinyurl.com,Female,70.72.215.184
283,Zena,Balog,zbalog52@networkadvertising.org,Female,3.111.146.252
284,Lorrin,Weetch,lweetch53@tinyurl.com,Female,120.85.45.15
285,Illa,Van der Velden,ivandervelden54@odnoklassniki.ru,Agender,7.161.175.152
286,Seumas,Dinsale,sdinsale55@sakura.ne.jp,Male,40.137.85.56
287,Wadsworth,Renoden,wrenoden56@si.edu,Male,106.155.147.174
288,Felicdad,Agg,fagg57@guardian.co.uk,Female,111.222.152.18
289,Oralia,Elgram,oelgram58@xing.com,Female,13.216.122.73
290,Stormie,Tremellier,stremellier59@rediff.com,Female,112.25.232.53
291,Emmie,Patry,epatry5a@java.com,Female,37.191.242.60
292,Vernon,Armin,varmin5b@kickstarter.com,Male,11.171.235.232
293,Avram,Dimitriades,adimitriades5c@earthlink.net,Male,161.206.206.135
294,Spense,Coddington,scoddington5d@ebay.co.uk,Male,27.74.67.190
295,Harriet,Bisacre,hbisacre5e@ustream.tv,Female,15.123.226.49
296,Bess,Beranek,bberanek5f@sciencedaily.com,Female,134.222.99.42
297,Read,Havick,rhavick5g@quantcast.com,Male,81.152.206.171
298,Clemens,Glanders,cglanders5h@parallels.com,Male,129.189.2.214
299,Eddie,Keel,ekeel5i@fotki.com,Female,185.219.4.190
300,Herold,Pfiffer,hpfiffer5j@barnesandnoble.com,Male,100.40.238.20
301,Mauricio,Alsford,malsford5k@paypal.com,Male,139.186.150.165
302,Oliy,Halwill,ohalwill5l@paginegialle.it,Female,25.119.229.33
303,Arlana,Lodford,alodford5m@illinois.edu,Female,69.19.205.72
304,Burton,Krabbe,bkrabbe5n@indiatimes.com,Male,17.238.173.236
305,Godiva,Minichillo,gminichillo5o@tamu.edu,Female,178.103.189.93
306,Marena,Derrett,mderrett5p@alibaba.com,Female,168.95.192.137
307,Doreen,Harsnipe,dharsnipe5q@trellian.com,Polygender,221.80.189.61
308,Dene,Willes,dwilles5r@com.com,Male,86.71.73.68
309,Flora,Muncer,fmuncer5s@admin.ch,Female,221.140.36.224
310,Peyter,Greally,pgreally5t@cnbc.com,Male,226.151.55.117
311,Nathanael,Matchell,nmatchell5u@noaa.gov,Male,41.131.70.26
312,Denney,Goldberg,dgoldberg5v@europa.eu,Male,221.183.9.186
313,Cordelie,Abrahamsen,cabrahamsen5w@salon.com,Female,109.232.94.169
314,Karissa,Roadnight,kroadnight5x@smugmug.com,Female,157.70.36.104
315,Nicolais,Heino,nheino5y@senate.gov,Male,236.76.206.43
316,Ethelred,Adrianello,eadrianello5z@pen.io,Male,126.113.101.186
317,Dinnie,Bayns,dbayns60@sun.com,Female,75.202.155.42
318,Christin,Stallen,cstallen61@shutterfly.com,Female,32.126.72.54
319,Odell,Bossel,obossel62@time.com,Male,141.160.102.238
320,Leia,Needs,lneeds63@desdev.cn,Female,84.184.203.248
321,Maxie,Van Dale,mvandale64@umn.edu,Male,160.21.15.114
322,Anna-diana,Erskine Sandys,aerskinesandys65@tripod.com,Female,228.27.70.114
323,Anderson,Tottman,atottman66@google.co.uk,Male,111.26.58.145
324,Kaile,Beslier,kbeslier67@squidoo.com,Female,196.170.222.104
325,Dixie,Bliben,dbliben68@g.co,Female,123.97.200.68
326,Steffen,Vondra,svondra69@macromedia.com,Male,191.30.221.51
327,Leela,Sole,lsole6a@alexa.com,Female,171.235.51.140
328,Justen,Pflieger,jpflieger6b@tinyurl.com,Agender,245.48.28.249
329,Joyce,McCahill,jmccahill6c@deliciousdays.com,Female,114.110.99.163
330,Cornelia,Dahmel,cdahmel6d@webmd.com,Agender,96.193.140.140
331,Emiline,Mowson,emowson6e@washingtonpost.com,Female,56.144.158.108
332,Tibold,Morgans,tmorgans6f@trellian.com,Male,157.51.114.190
333,Eimile,Timpany,etimpany6g@weibo.com,Female,56.73.251.229
334,Allie,Stoneley,astoneley6h@disqus.com,Male,163.61.37.12
335,Doralyn,de Keyser,ddekeyser6i@ihg.com,Female,58.20.226.231
336,Eugen,Arends,earends6j@china.com.cn,Male,113.63.188.253
337,Kellina,Petr,kpetr6k@diigo.com,Female,15.185.252.2
338,Lizzy,Gill,lgill6l@java.com,Agender,92.68.215.105
339,Alfy,Donnan,adonnan6m@livejournal.com,Male,89.103.162.45
340,Meggy,Berling,mberling6n@naver.com,Female,198.55.241.220
341,Carny,Pencost,cpencost6o@forbes.com,Male,43.141.101.80
342,Olag,Kenna,okenna6p@abc.net.au,Male,102.72.93.161
343,Britt,Kinghorn,bkinghorn6q@noaa.gov,Male,149.23.150.205
344,Bernie,Males,bmales6r@theguardian.com,Male,235.168.225.250
345,Verne,Rundall,vrundall6s@yale.edu,Male,67.184.129.130
346,Tabbi,Antony,tantony6t@google.com,Female,9.112.61.21
347,Cullen,Wiggans,cwiggans6u@chicagotribune.com,Male,71.9.102.99
348,Jayme,Tarzey,jtarzey6v@xing.com,Female,24.153.125.60
349,Cecil,Jeune,cjeune6w@youku.com,Female,110.18.78.197
350,Rafferty,Lamplough,rlamplough6x@google.pl,Male,208.113.118.130
351,Flo,Kynder,fkynder6y@ftc.gov,Female,142.215.100.233
352,Rafferty,Boyen,rboyen6z@cnbc.com,Male,15.42.147.60
353,Durante,Croxton,dcroxton70@twitpic.com,Genderfluid,152.207.206.63
354,Noland,Poncet,nponcet71@themeforest.net,Male,141.116.59.254
355,Valentine,Dongall,vdongall72@friendfeed.com,Female,179.15.152.117
356,Sylas,Darragh,sdarragh73@tinypic.com,Non-binary,103.164.19.141
357,Vitoria,Cawkill,vcawkill74@theatlantic.com,Bigender,19.178.57.234
358,Hyatt,Knowler,hknowler75@jalbum.net,Male,101.6.79.86
359,Kellsie,Ketteringham,kketteringham76@state.gov,Female,90.50.172.172
360,Tully,Fitzroy,tfitzroy77@simplemachines.org,Male,70.34.236.156
361,Redford,MacRedmond,rmacredmond78@upenn.edu,Male,12.255.116.188
362,Traver,Ownsworth,townsworth79@skype.com,Male,163.231.237.5
363,Cherry,Balazot,cbalazot7a@weather.com,Female,237.80.197.35
364,Nerty,Scottesmoor,nscottesmoor7b@earthlink.net,Female,123.68.231.14
365,Mead,McCard,mmccard7c@constantcontact.com,Male,121.12.163.112
366,Ingeberg,Tarren,itarren7d@salon.com,Female,240.229.188.45
367,Bartolomeo,Rispen,brispen7e@buzzfeed.com,Male,217.102.68.214
368,Ivan,Verrell,iverrell7f@mashable.com,Male,239.174.92.32
369,Gerianne,Habard,ghabard7g@hhs.gov,Female,120.145.79.51
370,Hope,Towne,htowne7h@paypal.com,Female,60.125.106.61
371,Lucina,Douce,ldouce7i@sbwire.com,Female,67.125.72.37
372,Lemar,Bruffell,lbruffell7j@t.co,Male,128.115.84.15
373,Patrick,McAless,pmcaless7k@google.com.hk,Genderfluid,65.219.89.3
374,Kiley,Prestage,kprestage7l@buzzfeed.com,Female,47.254.91.155
375,Barnard,Studart,bstudart7m@buzzfeed.com,Male,174.205.20.33
376,Ford,Tosspell,ftosspell7n@illinois.edu,Male,58.209.255.99
377,Lesley,Habbijam,lhabbijam7o@army.mil,Polygender,66.194.195.125
378,Lynett,Jaeggi,ljaeggi7p@livejournal.com,Female,55.243.113.250
379,Grenville,Blindt,gblindt7q@fc2.com,Male,155.209.252.34
380,Montgomery,Trathen,mtrathen7r@abc.net.au,Male,1.208.137.182
381,Essa,Korous,ekorous7s@house.gov,Female,92.61.57.236
382,Rosie,Weiss,rweiss7t@godaddy.com,Female,152.237.196.120
383,Cy,Kohnemann,ckohnemann7u@dailymail.co.uk,Male,163.130.41.67
384,Barbe,Cowern,bcowern7v@squarespace.com,Female,200.248.167.198
385,Cherey,Snuggs,csnuggs7w@google.com,Female,224.233.125.54
386,Tristam,Lovitt,tlovitt7x@columbia.edu,Male,15.231.53.186
387,Valentia,Surgison,vsurgison7y@noaa.gov,Female,45.192.100.46
388,Benoit,Scrane,bscrane7z@zdnet.com,Male,254.42.159.18
389,Lana,Crichten,lcrichten80@comcast.net,Genderqueer,164.43.84.90
390,Kimmy,Millar,kmillar81@etsy.com,Female,227.143.111.136
391,Evangelia,Roddick,eroddick82@newsvine.com,Female,46.48.253.87
392,Stavros,Gimblett,sgimblett83@virginia.edu,Male,173.205.25.104
393,Tully,Belliss,tbelliss84@eepurl.com,Male,78.165.221.218
394,Wakefield,Bauldry,wbauldry85@rediff.com,Male,167.233.140.170
395,Tonie,Got,tgot86@bloglovin.com,Polygender,77.205.211.14
396,Crystie,Tappor,ctappor87@pcworld.com,Female,155.173.216.73
397,Gearalt,Wolters,gwolters88@arstechnica.com,Male,102.51.98.218
398,Janela,Megany,jmegany89@usnews.com,Female,157.205.10.30
399,Seumas,Blumsom,sblumsom8a@google.co.jp,Male,128.195.27.144
400,Waldemar,Morch,wmorch8b@privacy.gov.au,Male,189.58.108.181
401,Florri,Piper,fpiper8c@cbsnews.com,Female,215.116.58.71
402,Donica,Dight,ddight8d@un.org,Female,170.77.208.118
403,Gery,Toller,gtoller8e@dagondesign.com,Male,137.53.104.206
404,Vera,Naile,vnaile8f@soup.io,Female,127.207.4.153
405,Gamaliel,Jeness,gjeness8g@surveymonkey.com,Male,53.94.136.62
406,Jules,Matiasek,jmatiasek8h@who.int,Male,4.232.67.188
407,Costa,Farloe,cfarloe8i@dell.com,Male,169.151.195.136
408,Vivia,Knotton,vknotton8j@prnewswire.com,Female,177.17.230.161
409,Giordano,Pimblott,gpimblott8k@live.com,Bigender,240.6.216.162
410,Skell,Wathen,swathen8l@uol.com.br,Male,43.10.223.203
411,Tessy,Trainor,ttrainor8m@tinyurl.com,Female,24.160.12.159
412,Kaile,Blanning,kblanning8n@ifeng.com,Female,212.240.33.178
413,Matelda,Chattelaine,mchattelaine8o@cbc.ca,Female,127.202.231.27
414,Portia,Zellner,pzellner8p@cocolog-nifty.com,Female,97.123.101.212
415,Clarinda,McConigal,cmcconigal8q@themeforest.net,Female,28.168.212.52
416,Rebekkah,McMurrugh,rmcmurrugh8r@illinois.edu,Female,255.145.212.120
417,Maurie,Searchwell,msearchwell8s@dailymotion.com,Male,198.118.5.249
418,Jacques,Kinchington,jkinchington8t@auda.org.au,Male,62.17.56.32
419,Kiersten,Belward,kbelward8u@blogs.com,Female,103.161.62.208
420,Ad,Kildea,akildea8v@deliciousdays.com,Male,197.225.197.122
421,Peria,Eberle,peberle8w@ca.gov,Female,22.103.105.250
422,Meaghan,Dearman,mdearman8x@typepad.com,Female,241.89.59.121
423,Tripp,Nurcombe,tnurcombe8y@techcrunch.com,Male,235.39.32.157
424,Werner,Clayworth,wclayworth8z@bbb.org,Male,221.218.146.28
425,Freddy,Alabaster,falabaster90@livejournal.com,Female,229.84.2.62
426,Lavina,Ferrillio,lferrillio91@yelp.com,Female,152.51.35.151
427,Thorsten,Gillie,tgillie92@yale.edu,Male,31.207.198.124
428,Arel,Minguet,aminguet93@aol.com,Male,245.116.47.104
429,Fancy,Gludor,fgludor94@patch.com,Female,239.26.59.20
430,Ezmeralda,Trembey,etrembey95@epa.gov,Female,109.47.237.16
431,Thaddeus,Bruty,tbruty96@thetimes.co.uk,Male,142.142.63.241
432,Toni,Luddy,tluddy97@timesonline.co.uk,Female,242.71.119.178
433,Rycca,Wolfers,rwolfers98@yandex.ru,Female,120.151.107.13
434,Dorice,Byrnes,dbyrnes99@soundcloud.com,Female,215.194.84.238
435,Jeniece,Yaldren,jyaldren9a@theguardian.com,Female,35.132.45.229
436,Aleen,Myton,amyton9b@so-net.ne.jp,Female,73.62.124.195
437,Ermengarde,Narramore,enarramore9c@webeden.co.uk,Female,32.64.13.67
438,Johan,Randales,jrandales9d@timesonline.co.uk,Male,66.119.238.17
439,Cameron,Kermeen,ckermeen9e@yale.edu,Male,1.137.47.219
440,Alfonse,Peacop,apeacop9f@vkontakte.ru,Male,36.58.26.92
441,Isacco,Waple,iwaple9g@upenn.edu,Non-binary,124.140.254.57
442,Christiano,Cowans,ccowans9h@pinterest.com,Male,37.84.199.89
443,Gilberto,Yushachkov,gyushachkov9i@opensource.org,Male,70.29.154.229
444,Hadrian,Chidler,hchidler9j@yale.edu,Male,48.247.8.29
445,Arlene,Vogel,avogel9k@symantec.com,Female,184.135.202.208
446,Vachel,Grazier,vgrazier9l@sina.com.cn,Male,188.38.147.215
447,Gordy,Blaksland,gblaksland9m@shutterfly.com,Genderqueer,241.73.249.220
448,Ibby,Wixey,iwixey9n@cloudflare.com,Female,226.235.218.187
449,Hamish,Nigh,hnigh9o@zdnet.com,Genderqueer,218.230.79.115
450,Dallis,Darcy,ddarcy9p@wp.com,Polygender,56.39.151.156
451,Lanna,Armes,larmes9q@creativecommons.org,Female,206.132.39.104
452,Berty,Monnoyer,bmonnoyer9r@posterous.com,Female,235.154.180.127
453,Seamus,Morphew,smorphew9s@furl.net,Male,185.189.128.243
454,Sherline,Stinton,sstinton9t@vistaprint.com,Female,151.157.219.78
455,Shela,Dennitts,sdennitts9u@jiathis.com,Female,207.218.86.30
456,Lona,Stoppard,lstoppard9v@over-blog.com,Female,4.25.178.129
457,Ryley,Sherrett,rsherrett9w@blinklist.com,Male,210.95.130.32
458,Lorne,Ludewig,lludewig9x@dagondesign.com,Female,144.206.29.80
459,Devina,Everley,deverley9y@vimeo.com,Female,237.141.44.35
460,Concettina,Stoodale,cstoodale9z@cafepress.com,Female,131.89.14.57
461,Clovis,Petri,cpetria0@pinterest.com,Female,0.250.185.46
462,Base,Philps,bphilpsa1@feedburner.com,Male,3.222.96.105
463,Tabb,Kettridge,tkettridgea2@time.com,Agender,85.161.208.101
464,Staffard,Maciak,smaciaka3@nih.gov,Male,90.165.48.118
465,Elke,Davage,edavagea4@woothemes.com,Non-binary,50.224.238.33
466,Ashley,Normanell,anormanella5@samsung.com,Polygender,208.148.126.239
467,Marcellus,Lowther,mlowthera6@cnet.com,Male,21.111.106.86
468,Juana,Cookney,jcookneya7@yale.edu,Female,30.52.201.145
469,Haroun,Cobson,hcobsona8@ask.com,Male,112.197.7.42
470,Abigale,Lohrensen,alohrensena9@alexa.com,Female,190.150.161.206
471,Auberta,Hadaway,ahadawayaa@linkedin.com,Female,129.63.15.208
472,Marven,Everit,meveritab@t-online.de,Male,117.180.86.95
473,Ilka,Dummigan,idummiganac@eepurl.com,Female,106.204.249.108
474,Ronda,Ciobutaru,rciobutaruad@dyndns.org,Female,126.46.142.241
475,Olga,Letty,olettyae@cbc.ca,Female,161.98.56.97
476,Jourdan,Sheward,jshewardaf@sciencedirect.com,Polygender,9.213.36.80
477,Stearn,Cunio,scunioag@plala.or.jp,Male,16.59.89.243
478,Anastassia,Tenney,atenneyah@elegantthemes.com,Female,112.121.107.9
479,Korey,Forgie,kforgieai@omniture.com,Genderfluid,37.139.190.144
480,Esra,Siccombe,esiccombeaj@state.tx.us,Male,120.76.17.38
481,Pearce,Gascar,pgascarak@flickr.com,Male,48.46.251.243
482,Lenci,Dovermann,ldovermannal@cdbaby.com,Male,176.199.212.40
483,Ransell,Costi,rcostiam@shop-pro.jp,Male,63.179.65.168
484,Filippo,Shevell,fshevellan@about.me,Genderqueer,242.213.21.30
485,Karola,Ledingham,kledinghamao@fema.gov,Female,238.250.163.168
486,Harriott,Bleything,hbleythingap@engadget.com,Female,9.171.231.122
487,Stu,Mowbury,smowburyaq@mysql.com,Male,157.167.158.245
488,Eli,Kless,eklessar@lycos.com,Male,66.36.90.202
489,Fransisco,Cromarty,fcromartyas@hhs.gov,Male,112.227.3.56
490,Marie-ann,Jorgensen,mjorgensenat@de.vu,Female,124.143.167.19
491,Rafi,Spurier,rspurierau@nationalgeographic.com,Male,140.207.209.175
492,Maurine,Le Grice,mlegriceav@symantec.com,Female,27.8.238.228
493,Reggy,Greenly,rgreenlyaw@exblog.jp,Male,135.8.229.207
494,Corrine,O'Carney,cocarneyax@nymag.com,Bigender,154.243.0.180
495,Asia,Benettini,abenettiniay@cbslocal.com,Female,122.116.140.248
496,Estrellita,McPike,emcpikeaz@godaddy.com,Female,242.58.187.220
497,Wanids,Jancso,wjancsob0@linkedin.com,Female,164.176.64.183
498,Torrey,Gillon,tgillonb1@senate.gov,Male,35.69.140.84
499,Nata,Tapping,ntappingb2@pinterest.com,Female,85.117.5.120
500,Rab,Willder,rwillderb3@desdev.cn,Male,161.71.63.56
501,Tulley,Grassick,tgrassickb4@ca.gov,Male,134.98.148.200
502,Rosy,Billborough,rbillboroughb5@google.com.br,Female,4.75.3.158
503,Kariotta,Mottley,kmottleyb6@ox.ac.uk,Female,93.160.142.108
504,Nichole,Bonifant,nbonifantb7@sciencedirect.com,Female,133.184.139.187
505,Milly,Pomeroy,mpomeroyb8@baidu.com,Bigender,224.128.233.87
506,Britt,Lovelock,blovelockb9@diigo.com,Male,223.33.190.221
507,Bondie,Bavester,bbavesterba@slashdot.org,Male,37.155.64.49
508,Caldwell,McAlroy,cmcalroybb@utexas.edu,Male,107.209.152.20
509,Netti,Caines,ncainesbc@whitehouse.gov,Female,106.158.49.240
510,Cord,Gotter,cgotterbd@e-recht24.de,Male,141.232.176.89
511,Trev,Scallon,tscallonbe@blogspot.com,Male,72.40.178.122
512,Pauly,Witt,pwittbf@w3.org,Male,206.75.97.246
513,Gaven,Nellis,gnellisbg@businessweek.com,Non-binary,143.100.126.136
514,Ailyn,Bonhan,abonhanbh@indiatimes.com,Female,228.222.34.109
515,Lincoln,Gocke,lgockebi@acquirethisname.com,Male,226.153.192.120
516,Michail,Ramos,mramosbj@opera.com,Male,2.28.5.160
517,Illa,Ricciardo,iricciardobk@yandex.ru,Female,44.177.49.224
518,Fleur,Mazzey,fmazzeybl@google.com.au,Female,195.238.202.37
519,Michaelina,Vicker,mvickerbm@craigslist.org,Female,156.30.81.167
520,Cyndi,Capstaff,ccapstaffbn@live.com,Female,102.99.177.3
521,Loretta,Praton,lpratonbo@biblegateway.com,Female,100.194.62.168
522,Bibbie,McGeever,bmcgeeverbp@google.com.hk,Female,141.138.236.154
523,Valeda,Allmark,vallmarkbq@scribd.com,Female,134.13.27.50
524,Delia,Balsillie,dbalsilliebr@de.vu,Female,120.53.73.102
525,Kerby,Trayhorn,ktrayhornbs@hugedomains.com,Male,247.188.78.13
526,Dominik,Thibodeaux,dthibodeauxbt@engadget.com,Non-binary,184.110.232.199
527,Dulcea,Beaten,dbeatenbu@pagesperso-orange.fr,Female,156.195.249.39
528,Thaddeus,Mouatt,tmouattbv@blogs.com,Male,154.125.129.181
529,Deanne,Ruste,drustebw@sohu.com,Female,117.89.4.186
530,Barris,Joesbury,bjoesburybx@ted.com,Male,58.227.71.248
531,Ashla,Baynard,abaynardby@yahoo.co.jp,Female,200.241.59.38
532,Mile,Brabender,mbrabenderbz@is.gd,Male,234.9.191.109
533,Jonie,Pentland,jpentlandc0@pagesperso-orange.fr,Female,95.246.73.92
534,Ferdinand,Berrie,fberriec1@blinklist.com,Male,248.132.169.149
535,Helenka,Featherstonhaugh,hfeatherstonhaughc2@stanford.edu,Genderfluid,48.72.231.186
536,Barbra,Woolmington,bwoolmingtonc3@springer.com,Female,231.225.251.203
537,Cal,Larmouth,clarmouthc4@addthis.com,Female,158.132.55.46
538,Syd,Cantrell,scantrellc5@godaddy.com,Male,143.8.40.248
539,Abby,Pirouet,apirouetc6@nifty.com,Male,95.76.26.246
540,Whitaker,Iacovielli,wiacoviellic7@earthlink.net,Genderfluid,140.103.65.26
541,Myranda,Beckerleg,mbeckerlegc8@psu.edu,Female,78.1.146.226
542,Cristie,Deverale,cdeveralec9@house.gov,Female,244.108.94.143
543,Kory,McKee,kmckeeca@phpbb.com,Male,254.52.0.6
544,Tore,MacMoyer,tmacmoyercb@github.com,Male,97.205.99.92
545,Grady,Cunnington,gcunningtoncc@yelp.com,Male,157.72.92.110
546,Gayla,Shepcutt,gshepcuttcd@oakley.com,Female,152.234.127.78
547,Nicky,Forkan,nforkance@google.pl,Male,64.21.63.5
548,Bevin,Messer,bmessercf@gnu.org,Male,141.223.79.52
549,Julita,Guitt,jguittcg@usnews.com,Female,105.25.106.153
550,Gwenni,Borrowman,gborrowmanch@blogtalkradio.com,Female,160.141.190.1
551,Jarvis,MacKaig,jmackaigci@spiegel.de,Male,59.121.17.160
552,Ezra,Grigorushkin,egrigorushkincj@amazon.de,Male,29.164.148.46
553,Ivy,Wren,iwrenck@over-blog.com,Genderqueer,78.31.101.205
554,Peggi,Petters,ppetterscl@pcworld.com,Female,253.114.25.142
555,Cindee,Skippings,cskippingscm@joomla.org,Female,46.171.40.177
556,Nancee,McKee,nmckeecn@cam.ac.uk,Female,65.28.159.186
557,Leigh,Wint,lwintco@exblog.jp,Female,145.69.101.68
558,Torin,Stroulger,tstroulgercp@trellian.com,Male,28.62.44.35
559,Ofelia,Garbutt,ogarbuttcq@behance.net,Female,135.78.16.25
560,Westleigh,Benedite,wbeneditecr@ustream.tv,Genderqueer,231.57.46.18
561,Bertie,Niche,bnichecs@163.com,Male,144.249.183.28
562,Rachelle,Devorill,rdevorillct@sfgate.com,Agender,55.82.215.208
563,Marylynne,Danielian,mdanieliancu@opera.com,Female,149.238.107.58
564,Bo,Bensley,bbensleycv@symantec.com,Male,63.186.177.113
565,Elsbeth,Wherrett,ewherrettcw@studiopress.com,Female,23.71.119.4
566,Randolph,Ormrod,rormrodcx@fda.gov,Male,82.117.221.196
567,Stacie,Farlowe,sfarlowecy@qq.com,Female,178.71.79.108
568,Cornela,Lawry,clawrycz@people.com.cn,Female,75.21.1.125
569,Bernie,Hodgen,bhodgend0@a8.net,Female,238.182.25.162
570,Padraig,Bakhrushin,pbakhrushind1@ed.gov,Male,120.73.199.206
571,Dulsea,Borres,dborresd2@about.me,Female,139.221.207.255
572,Sherilyn,Lambersen,slambersend3@chronoengine.com,Female,186.147.94.183
573,Gilles,Stackbridge,gstackbridged4@bigcartel.com,Male,187.99.50.89
574,Griffy,Eytel,geyteld5@issuu.com,Non-binary,65.254.119.191
575,Darcee,Loeber,dloeberd6@slideshare.net,Female,39.235.73.207
576,Paula,Janovsky,pjanovskyd7@chron.com,Female,11.82.142.88
577,Corissa,Battershall,cbattershalld8@meetup.com,Bigender,229.2.190.81
578,Sybille,Paye,spayed9@princeton.edu,Female,86.126.140.235
579,Cathe,Waggett,cwaggettda@adobe.com,Female,252.198.154.214
580,Amara,Bullock,abullockdb@telegraph.co.uk,Female,113.39.180.35
581,Oren,Jeans,ojeansdc@miibeian.gov.cn,Male,143.164.167.79
582,Deane,Crispe,dcrispedd@dyndns.org,Genderqueer,101.52.107.234
583,Rutherford,Yeatman,ryeatmande@php.net,Male,168.83.223.4
584,Phillipp,Tunnadine,ptunnadinedf@prlog.org,Male,51.226.9.160
585,Allister,Grocock,agrocockdg@indiatimes.com,Male,115.160.155.3
586,Freddie,Sangster,fsangsterdh@w3.org,Male,242.155.20.41
587,Petunia,McKeran,pmckerandi@discuz.net,Female,112.184.226.42
588,Rodrique,Gaffer,rgafferdj@tinypic.com,Male,38.112.142.70
589,Ranique,Rigeby,rrigebydk@japanpost.jp,Female,66.224.45.116
590,Fredek,Coyne,fcoynedl@msn.com,Male,66.209.100.184
591,Ansel,Spelman,aspelmandm@tamu.edu,Male,139.109.73.71
592,Marna,Tweedie,mtweediedn@amazonaws.com,Female,140.238.244.90
593,Tomas,Ewers,tewersdo@github.io,Male,180.82.55.247
594,Gav,Hinken,ghinkendp@tumblr.com,Male,168.37.251.39
595,Lodovico,Lassey,llasseydq@amazon.com,Male,23.170.253.127
596,Borg,Spadari,bspadaridr@yellowbook.com,Male,108.30.19.41
597,Bondie,Dwire,bdwireds@typepad.com,Male,236.185.17.227
598,Raffarty,Markos,rmarkosdt@scribd.com,Male,10.46.41.48
599,Christiane,Penddreth,cpenddrethdu@disqus.com,Female,186.107.205.177
600,Dalston,Hucke,dhuckedv@vkontakte.ru,Male,252.42.74.176
601,Dagny,Moyne,dmoynedw@newsvine.com,Male,45.118.67.165
602,Brnaba,Paradise,bparadisedx@canalblog.com,Male,29.45.196.197
603,Brade,Karpychev,bkarpychevdy@springer.com,Male,212.134.55.140
604,Elna,Phetteplace,ephetteplacedz@newyorker.com,Female,169.19.79.77
605,Arthur,Priestley,apriestleye0@opera.com,Male,184.184.233.57
606,Margit,Lawerence,mlawerencee1@oakley.com,Agender,73.147.129.71
607,Aldo,Talby,atalbye2@360.cn,Polygender,14.192.217.104
608,Hilario,McWilliam,hmcwilliame3@homestead.com,Male,26.208.74.68
609,Caralie,Helliker,chellikere4@dyndns.org,Female,39.98.224.240
610,Angelica,Curryer,acurryere5@dot.gov,Female,251.27.55.221
611,Jasun,Pineaux,jpineauxe6@amazon.co.uk,Male,156.199.138.80
612,Vaughan,Mosby,vmosbye7@gnu.org,Male,248.76.2.30
613,Glyn,Duplan,gduplane8@surveymonkey.com,Male,72.143.20.76
614,Brook,Pillington,bpillingtone9@yandex.ru,Male,196.170.164.110
615,Sutton,Toppes,stoppesea@netvibes.com,Male,196.195.85.55
616,Ezmeralda,Louthe,eloutheeb@163.com,Genderqueer,109.249.85.123
617,Carlye,Gowdridge,cgowdridgeec@blinklist.com,Female,168.167.196.200
618,Adrien,Ledingham,aledinghamed@newyorker.com,Male,205.98.218.206
619,Angie,Gilstin,agilstinee@slashdot.org,Female,127.76.183.206
620,Barbey,Gadesby,bgadesbyef@google.es,Female,12.246.113.68
621,Jedediah,Scarlon,jscarloneg@pbs.org,Male,225.170.19.71
622,Beatrisa,Sailes,bsaileseh@umn.edu,Female,207.20.147.140
623,Carney,Rodolphe,crodolpheei@e-recht24.de,Male,26.43.10.7
624,Dene,Fancy,dfancyej@wiley.com,Male,6.48.242.194
625,Vernice,Joan,vjoanek@geocities.jp,Female,47.107.195.0
626,Oralie,Ivashnyov,oivashnyovel@digg.com,Female,63.118.69.171
627,Karlyn,Legge,kleggeem@seattletimes.com,Female,151.240.142.88
628,Aubrey,Weson,awesonen@istockphoto.com,Male,203.85.194.5
629,Hattie,Elvidge,helvidgeeo@hatena.ne.jp,Female,28.102.107.240
630,Ignaz,Surmeyers,isurmeyersep@hatena.ne.jp,Male,74.89.58.95
631,Junina,Pope,jpopeeq@liveinternet.ru,Female,121.113.71.234
632,Daffie,Mackinder,dmackinderer@cdbaby.com,Female,247.104.156.241
633,Delphinia,Edworthy,dedworthyes@irs.gov,Female,31.73.38.78
634,Nissie,Tiltman,ntiltmanet@plala.or.jp,Female,158.177.61.194
635,Jerry,Stoffer,jstoffereu@cargocollective.com,Male,223.247.48.221
636,Pansie,Dixsee,pdixseeev@smh.com.au,Female,3.153.105.242
637,Lucretia,Southcott,lsouthcottew@dion.ne.jp,Female,176.161.57.108
638,Kellen,Donnel,kdonnelex@digg.com,Female,85.235.177.240
639,Lira,Belin,lbeliney@php.net,Female,228.234.45.20
640,Garreth,Dearlove,gdearloveez@google.pl,Male,22.102.197.4
641,Friedrick,Gaskamp,fgaskampf0@microsoft.com,Genderqueer,135.187.211.39
642,Bryn,Winters,bwintersf1@123-reg.co.uk,Female,107.210.128.159
643,Laney,McDuff,lmcdufff2@photobucket.com,Male,247.200.233.229
644,Rivalee,Huc,rhucf3@odnoklassniki.ru,Female,32.250.194.9
645,Dun,Steanyng,dsteanyngf4@prnewswire.com,Male,154.234.2.188
646,Ari,Agates,aagatesf5@deliciousdays.com,Male,28.69.65.122
647,Reinhold,Hassett,rhassettf6@google.ca,Male,196.244.156.124
648,Nell,Minillo,nminillof7@amazon.co.jp,Female,244.245.213.40
649,Margarita,Freeth,mfreethf8@oracle.com,Female,206.94.170.77
650,Townie,Killerby,tkillerbyf9@rakuten.co.jp,Male,50.186.240.93
651,Emerson,Syer,esyerfa@indiegogo.com,Male,24.205.91.236
652,Jocelyn,Hanster,jhansterfb@github.com,Bigender,112.125.43.195
653,Josi,Kinnock,jkinnockfc@guardian.co.uk,Female,48.158.98.78
654,Tammy,Orpwood,torpwoodfd@tinyurl.com,Female,128.190.250.1
655,Rebecka,MacElane,rmacelanefe@slideshare.net,Female,245.50.70.107
656,Eulalie,Perutto,eperuttoff@china.com.cn,Female,56.45.177.96
657,Alyosha,McCowan,amccowanfg@istockphoto.com,Male,44.55.83.163
658,Verna,Lieb,vliebfh@tmall.com,Female,112.109.144.225
659,Lauryn,Lowrey,llowreyfi@answers.com,Female,28.130.19.155
660,Fayth,Dacre,fdacrefj@a8.net,Female,182.141.127.2
661,Tab,Copsey,tcopseyfk@cafepress.com,Genderqueer,5.247.84.22
662,Costa,Fidock,cfidockfl@gizmodo.com,Male,25.224.249.102
663,Brit,Killock,bkillockfm@qq.com,Male,99.10.97.240
664,Frannie,McCormick,fmccormickfn@imageshack.us,Female,85.41.12.116
665,Frieda,Van Arsdall,fvanarsdallfo@t.co,Female,137.165.23.90
666,Hynda,Wastall,hwastallfp@canalblog.com,Female,31.240.3.255
667,Justin,Emm,jemmfq@reverbnation.com,Male,10.44.175.244
668,Desmond,Lippiett,dlippiettfr@yellowpages.com,Male,158.181.140.115
669,Farlee,Decruse,fdecrusefs@wiley.com,Male,54.4.30.254
670,Farand,Rennard,frennardft@nyu.edu,Female,224.149.22.60
671,Harriot,Riediger,hriedigerfu@amazon.co.uk,Polygender,49.53.206.210
672,Fransisco,Nerheny,fnerhenyfv@archive.org,Male,190.241.206.186
673,Coreen,Marien,cmarienfw@squarespace.com,Female,222.108.45.5
674,Judon,Dressel,jdresselfx@ucla.edu,Genderfluid,252.75.185.33
675,Gayler,Hawes,ghawesfy@devhub.com,Male,183.203.8.8
676,Dirk,Kelledy,dkelledyfz@de.vu,Male,35.103.244.84
677,Leonora,Connechie,lconnechieg0@examiner.com,Bigender,185.83.170.117
678,Kathleen,Casey,kcaseyg1@cdbaby.com,Female,166.164.119.127
679,Jordan,Berrey,jberreyg2@unc.edu,Male,21.81.154.186
680,Latia,Younie,lyounieg3@behance.net,Female,114.218.89.215
681,Victor,Kroch,vkrochg4@blinklist.com,Male,32.30.3.184
682,Torin,Gainsford,tgainsfordg5@si.edu,Male,37.79.80.119
683,Harman,Drysdale,hdrysdaleg6@mail.ru,Male,37.240.14.7
684,Heddie,Howerd,hhowerdg7@smh.com.au,Bigender,96.208.47.87
685,Nadiya,Sedgwick,nsedgwickg8@twitter.com,Female,252.18.196.192
686,Sam,Renoden,srenodeng9@indiatimes.com,Male,187.206.182.59
687,Waverly,Aiskovitch,waiskovitchga@storify.com,Polygender,17.111.107.132
688,Emilia,Jurn,ejurngb@go.com,Female,69.49.208.235
689,Moshe,Gowler,mgowlergc@msu.edu,Male,11.223.219.4
690,Rafferty,Cargo,rcargogd@ihg.com,Male,41.197.204.14
691,Valera,Baynon,vbaynonge@blog.com,Female,96.43.153.169
692,Dore,Benting,dbentinggf@japanpost.jp,Male,9.237.3.74
693,Kelley,Matejka,kmatejkagg@technorati.com,Male,141.166.200.191
694,Nikolaos,Fernihough,nfernihoughgh@pen.io,Male,229.143.198.187
695,Hesther,Kember,hkembergi@yolasite.com,Female,83.227.166.240
696,Gussi,Brent,gbrentgj@wikipedia.org,Female,126.117.195.22
697,Kailey,Withull,kwithullgk@hibu.com,Female,205.112.24.247
698,Davita,McKerron,dmckerrongl@naver.com,Agender,65.104.187.158
699,Eleni,Elnaugh,eelnaughgm@yellowpages.com,Bigender,246.247.230.136
700,Windy,Corrington,wcorringtongn@shinystat.com,Female,163.169.120.65
701,Mathilde,Coultish,mcoultishgo@discovery.com,Female,22.150.171.128
702,Calhoun,Sowood,csowoodgp@answers.com,Male,193.90.132.53
703,Susi,Masey,smaseygq@narod.ru,Female,239.46.114.197
704,West,Yuill,wyuillgr@meetup.com,Male,233.105.35.20
705,Rorke,Tebbut,rtebbutgs@google.pl,Male,229.52.68.89
706,Edin,Ornillos,eornillosgt@wired.com,Female,209.186.80.35
707,Jehu,Feely,jfeelygu@odnoklassniki.ru,Bigender,240.24.224.202
708,Humfrid,Layson,hlaysongv@mit.edu,Male,229.121.246.31
709,Sue,Southeran,ssoutherangw@bbc.co.uk,Female,139.219.61.195
710,Genovera,Acome,gacomegx@cbslocal.com,Female,205.16.244.43
711,Percy,Lared,plaredgy@hibu.com,Male,71.20.72.98
712,Marian,Wooddisse,mwooddissegz@flickr.com,Female,188.32.159.124
713,Abelard,Crimmins,acrimminsh0@miitbeian.gov.cn,Male,172.230.100.21
714,Yvon,Bristoe,ybristoeh1@redcross.org,Male,102.70.59.173
715,Wye,Keyse,wkeyseh2@wix.com,Male,214.114.63.47
716,Janis,Feehily,jfeehilyh3@newsvine.com,Female,207.64.94.225
717,Ike,Caselick,icaselickh4@163.com,Male,210.213.70.250
718,Caz,Ive,civeh5@mediafire.com,Male,108.92.5.194
719,Tedi,Druett,tdruetth6@irs.gov,Female,151.141.44.236
720,Yancey,Addionisio,yaddionisioh7@cnn.com,Male,241.77.55.225
721,Hazel,Karmel,hkarmelh8@gov.uk,Genderqueer,69.170.74.142
722,Venita,Beiderbecke,vbeiderbeckeh9@boston.com,Female,27.248.109.34
723,Jammal,Alves,jalvesha@ameblo.jp,Male,210.87.253.154
724,Gerrilee,Pingstone,gpingstonehb@imdb.com,Female,120.148.242.178
725,Dasi,Buckenhill,dbuckenhillhc@mozilla.org,Female,146.59.166.171
726,Hugo,Logue,hloguehd@narod.ru,Male,206.173.16.16
727,Torie,Gabbatiss,tgabbatisshe@jimdo.com,Female,102.213.149.148
728,Janet,De Zamudio,jdezamudiohf@example.com,Female,226.22.250.52
729,Carolina,Rossetti,crossettihg@histats.com,Female,39.255.131.23
730,Annabela,Lemonnier,alemonnierhh@noaa.gov,Female,122.237.98.206
731,Sherry,Pohl,spohlhi@epa.gov,Female,121.121.2.57
732,Ebenezer,Radwell,eradwellhj@usa.gov,Male,247.234.52.4
733,Olwen,Vannuccini,ovannuccinihk@mtv.com,Female,113.6.23.100
734,Erek,Greenstreet,egreenstreethl@samsung.com,Male,184.95.137.193
735,Lester,Matushevitz,lmatushevitzhm@guardian.co.uk,Male,228.55.128.54
736,Cletus,Deuss,cdeusshn@thetimes.co.uk,Male,52.60.221.75
737,Aylmar,Drewes,adrewesho@dropbox.com,Male,18.119.99.160
738,Kathlin,Ellins,kellinshp@alexa.com,Female,138.82.198.132
739,Orbadiah,Round,oroundhq@blinklist.com,Male,137.68.55.126
740,Munroe,Mattis,mmattishr@tripadvisor.com,Male,5.155.23.183
741,Efren,Jerson,ejersonhs@goodreads.com,Male,252.115.236.194
742,Maxy,Cleugher,mcleugherht@cmu.edu,Female,43.165.186.183
743,Clyde,McBean,cmcbeanhu@nationalgeographic.com,Male,27.84.68.33
744,Brandyn,Adamov,badamovhv@nps.gov,Male,44.164.85.37
745,Roger,Boolsen,rboolsenhw@yahoo.co.jp,Male,80.167.104.157
746,Daphne,Rushton,drushtonhx@intel.com,Female,207.50.226.25
747,Elianore,Fend,efendhy@mayoclinic.com,Female,40.66.127.101
748,Renado,Pearch,rpearchhz@printfriendly.com,Male,59.15.65.157
749,Monah,Buckner,mbuckneri0@forbes.com,Female,232.173.1.172
750,Earvin,McVeagh,emcveaghi1@w3.org,Male,57.254.237.29
751,Uta,Thirlwall,uthirlwalli2@google.nl,Female,117.210.148.233
752,Irvine,Hallin,ihallini3@loc.gov,Male,64.188.73.135
753,Guillermo,Pelham,gpelhami4@oakley.com,Male,222.26.85.78
754,Druci,Clowney,dclowneyi5@blinklist.com,Female,108.52.99.65
755,Ernest,Sweedy,esweedyi6@tinyurl.com,Male,18.209.46.174
756,Lyman,Jeste,ljestei7@barnesandnoble.com,Male,31.11.91.72
757,Benjamin,Chafney,bchafneyi8@state.gov,Male,154.198.119.42
758,Guinna,Girauld,ggirauldi9@fotki.com,Female,64.234.244.122
759,Rania,Stuehmeyer,rstuehmeyeria@constantcontact.com,Female,55.79.12.243
760,Anitra,Mussotti,amussottiib@issuu.com,Female,58.179.155.115
761,Happy,Dik,hdikic@nih.gov,Female,143.228.172.195
762,Shermy,Dinse,sdinseid@infoseek.co.jp,Male,195.115.74.36
763,Karleen,Marchiso,kmarchisoie@buzzfeed.com,Female,144.160.189.14
764,Kerby,Kobpa,kkobpaif@weibo.com,Male,133.133.82.6
765,Iorgo,Edmands,iedmandsig@youtu.be,Male,68.23.30.149
766,Doug,De Dei,ddedeiih@merriam-webster.com,Male,246.18.55.166
767,Irving,Strathdee,istrathdeeii@dagondesign.com,Genderqueer,142.173.214.71
768,Godfry,Bruford,gbrufordij@mediafire.com,Male,164.91.214.217
769,Chrotoem,Gilbert,cgilbertik@answers.com,Polygender,188.186.242.94
770,Tan,Nuttall,tnuttallil@indiatimes.com,Non-binary,149.99.54.100
771,Kathryne,Bonsall,kbonsallim@drupal.org,Female,81.103.157.240
772,Marylynne,Rollings,mrollingsin@google.com.br,Female,239.39.4.23
773,Natividad,Pedgrift,npedgriftio@cyberchimps.com,Female,33.158.47.194
774,Manda,Diboll,mdibollip@gizmodo.com,Female,170.73.15.113
775,Arvin,Binge,abingeiq@vk.com,Male,167.70.32.157
776,Catherine,Kenafaque,ckenafaqueir@51.la,Female,176.245.156.71
777,Damiano,Hanny,dhannyis@blogs.com,Male,67.234.200.63
778,Jaquith,Fessby,jfessbyit@whitehouse.gov,Female,203.104.56.68
779,Leah,Faas,lfaasiu@tmall.com,Female,192.97.32.73
780,Deedee,Humpage,dhumpageiv@a8.net,Female,175.141.3.97
781,Scottie,Foch,sfochiw@aboutads.info,Male,249.74.112.77
782,Wally,Klagge,wklaggeix@printfriendly.com,Female,212.234.114.170
783,Jasun,Greenland,jgreenlandiy@purevolume.com,Male,51.0.57.114
784,Rhodia,Collecott,rcollecottiz@mail.ru,Female,20.147.31.82
785,Raul,Lyard,rlyardj0@theguardian.com,Male,165.218.136.241
786,Delcine,Leafe,dleafej1@hatena.ne.jp,Female,47.192.11.232
787,Elliott,Bocken,ebockenj2@netlog.com,Male,94.122.97.207
788,Kippie,Ficken,kfickenj3@china.com.cn,Male,186.100.151.144
789,Lesli,Carp,lcarpj4@ibm.com,Female,204.36.200.118
790,Byran,Gabby,bgabbyj5@dropbox.com,Bigender,231.217.246.105
791,Dwayne,Norledge,dnorledgej6@abc.net.au,Male,183.116.8.67
792,Emmie,McCurlye,emccurlyej7@dagondesign.com,Female,58.87.108.76
793,Hazlett,Perin,hperinj8@trellian.com,Male,151.234.69.152
794,Etta,Berick,eberickj9@tumblr.com,Female,198.195.206.125
795,Reinaldos,Ghelardoni,rghelardonija@qq.com,Male,249.113.129.150
796,Russell,Hinchshaw,rhinchshawjb@msu.edu,Male,193.61.142.40
797,Garv,Jersh,gjershjc@vkontakte.ru,Genderqueer,170.105.121.35
798,Omero,Mercik,omercikjd@businesswire.com,Male,201.117.79.129
799,Hanny,Aisman,haismanje@berkeley.edu,Non-binary,245.162.8.61
800,Norine,Ivanyushin,nivanyushinjf@godaddy.com,Female,81.156.220.84
801,Arri,Iveagh,aiveaghjg@rambler.ru,Bigender,204.132.73.148
802,Vicky,Peasey,vpeaseyjh@unesco.org,Female,192.180.226.157
803,Reid,Abbs,rabbsji@dedecms.com,Male,137.247.85.1
804,Larissa,Gitthouse,lgitthousejj@hhs.gov,Female,117.98.175.25
805,Rickey,Jeenes,rjeenesjk@cpanel.net,Male,131.222.146.238
806,Boyd,Saltmarsh,bsaltmarshjl@dyndns.org,Male,98.109.170.105
807,Deidre,Jepps,djeppsjm@imgur.com,Female,173.182.201.119
808,Dorelia,Robbey,drobbeyjn@multiply.com,Female,24.120.68.63
809,Luz,Yeardley,lyeardleyjo@toplist.cz,Female,34.228.234.75
810,Brannon,McCrostie,bmccrostiejp@cdbaby.com,Male,230.75.158.68
811,Rozanne,Doul,rdouljq@yale.edu,Female,118.196.5.194
812,Floris,Tedman,ftedmanjr@ox.ac.uk,Female,69.29.96.149
813,Maison,Halleday,mhalledayjs@cbslocal.com,Male,81.247.94.182
814,Luz,Gawne,lgawnejt@gizmodo.com,Female,48.1.27.25
815,Greg,Lummasana,glummasanaju@noaa.gov,Male,91.135.225.252
816,Cristabel,Scholes,cscholesjv@list-manage.com,Female,189.63.182.234
817,Dallas,Berget,dbergetjw@dagondesign.com,Male,67.68.249.225
818,Noelani,Jeyes,njeyesjx@blog.com,Female,212.206.156.216
819,Ephrayim,Biasio,ebiasiojy@xing.com,Male,84.113.190.0
820,Darbie,Jendas,djendasjz@bravesites.com,Female,144.51.32.235
821,Layne,Fyldes,lfyldesk0@oaic.gov.au,Female,59.201.103.27
822,Sky,Sargint,ssargintk1@paypal.com,Male,0.16.182.109
823,Ardyth,Barrat,abarratk2@newyorker.com,Female,135.12.75.95
824,Steffi,Clavering,sclaveringk3@uiuc.edu,Female,75.158.37.56
825,Erasmus,Bertelet,eberteletk4@instagram.com,Male,66.11.123.249
826,Rory,McAlindon,rmcalindonk5@behance.net,Male,148.207.135.177
827,Pietrek,Diloway,pdilowayk6@marriott.com,Male,166.232.63.30
828,Emerson,Mixer,emixerk7@nature.com,Male,204.203.227.90
829,Cheslie,Stut,cstutk8@ycombinator.com,Female,209.200.163.16
830,Leonelle,Bensusan,lbensusank9@devhub.com,Female,33.120.201.227
831,Richie,Caveney,rcaveneyka@home.pl,Male,42.193.160.70
832,Isabelita,Scrane,iscranekb@webmd.com,Female,118.237.176.132
833,Seward,Legerton,slegertonkc@wikia.com,Male,161.203.50.50
834,Amye,Casbon,acasbonkd@oracle.com,Bigender,179.133.195.171
835,Mae,Stripp,mstrippke@free.fr,Female,25.54.143.240
836,Josefa,Ollivier,jollivierkf@cbc.ca,Female,178.138.218.101
837,Osmond,Sellar,osellarkg@ed.gov,Male,116.170.39.42
838,Darin,Shoulder,dshoulderkh@studiopress.com,Male,97.20.45.48
839,Herta,Goolden,hgooldenki@google.com.au,Female,178.60.162.248
840,Cosette,Kullmann,ckullmannkj@google.com.au,Female,65.78.238.244
841,Bord,Shovelton,bshoveltonkk@wufoo.com,Male,29.56.12.84
842,Godfry,Pickance,gpickancekl@cocolog-nifty.com,Male,36.185.17.23
843,Jobye,Camois,jcamoiskm@walmart.com,Female,52.109.102.24
844,Freedman,Tarney,ftarneykn@ucoz.ru,Male,191.196.102.13
845,Sheilakathryn,Walsom,swalsomko@washington.edu,Bigender,57.13.251.247
846,Niles,Smither,nsmitherkp@whitehouse.gov,Male,103.87.117.225
847,Scot,Emerine,semerinekq@netvibes.com,Male,195.68.76.25
848,Abran,Laneham,alanehamkr@geocities.jp,Male,93.237.38.218
849,Kara,Cudby,kcudbyks@un.org,Polygender,190.83.57.35
850,Eldon,Mompesson,emompessonkt@ebay.co.uk,Polygender,148.241.142.35
851,Sisile,Alentyev,salentyevku@unc.edu,Female,3.153.227.161
852,Deane,Bechley,dbechleykv@joomla.org,Male,173.26.235.140
853,Powell,Smale,psmalekw@dmoz.org,Male,12.27.51.64
854,Hattie,Roof,hroofkx@drupal.org,Female,11.21.36.185
855,Gaylor,Loxly,gloxlyky@bloglovin.com,Male,34.214.162.57
856,Kincaid,Chafer,kchaferkz@sourceforge.net,Male,19.231.172.242
857,Sheilah,Roderham,sroderhaml0@weather.com,Female,245.23.109.30
858,Anne,Sea,aseal1@about.me,Female,236.104.33.1
859,Zachariah,Campbell,zcampbelll2@epa.gov,Male,43.31.90.124
860,Brewer,Dorsey,bdorseyl3@archive.org,Male,64.221.115.224
861,Bev,Bullan,bbullanl4@posterous.com,Male,180.119.85.244
862,Hillery,Vasyutin,hvasyutinl5@amazonaws.com,Male,86.30.135.40
863,Ailene,Saleway,asalewayl6@npr.org,Genderfluid,93.143.228.185
864,Bordie,Antonopoulos,bantonopoulosl7@vk.com,Male,163.98.75.47
865,Marsha,Iskowicz,miskowiczl8@princeton.edu,Female,79.76.198.137
866,Hally,Olivie,holiviel9@tripod.com,Female,35.74.174.72
867,Lise,Hindes,lhindesla@sitemeter.com,Female,9.169.239.215
868,Moina,Boodle,mboodlelb@java.com,Female,54.12.202.239
869,Cecilla,Shea,cshealc@phoca.cz,Female,9.53.76.88
870,Katya,Kornas,kkornasld@networkadvertising.org,Female,15.19.185.213
871,Rosabel,Brabyn,rbrabynle@goodreads.com,Female,215.207.60.252
872,Jeremie,Cunniffe,jcunniffelf@cdbaby.com,Male,170.13.21.129
873,Lynett,Arnald,larnaldlg@myspace.com,Female,58.245.70.176
874,Rowney,Gianolo,rgianololh@macromedia.com,Male,209.128.65.85
875,Aldin,McDuall,amcduallli@feedburner.com,Male,138.218.12.57
876,Chastity,Garrique,cgarriquelj@tinyurl.com,Female,58.146.163.240
877,Tuesday,MacCaig,tmaccaiglk@pinterest.com,Female,220.10.44.119
878,Barnabe,Gosnoll,bgosnollll@time.com,Male,96.253.131.116
879,Ashlie,Gibke,agibkelm@scientificamerican.com,Female,85.116.60.236
880,Hendrika,Duigenan,hduigenanln@accuweather.com,Female,97.144.240.245
881,Theodora,Caveill,tcaveilllo@businessinsider.com,Polygender,130.52.142.218
882,Orren,Casaletto,ocasalettolp@ucsd.edu,Male,145.27.106.97
883,Holli,Kubal,hkuballq@diigo.com,Female,235.3.200.129
884,Harwilll,Bergeon,hbergeonlr@examiner.com,Male,136.65.125.21
885,Caryl,Saiens,csaiensls@uiuc.edu,Male,54.150.93.195
886,Guglielmo,Jzhakov,gjzhakovlt@reverbnation.com,Male,238.249.85.124
887,Barnabe,Danahar,bdanaharlu@devhub.com,Agender,212.148.181.132
888,Valry,Fassam,vfassamlv@nba.com,Female,85.169.169.159
889,Seumas,Neicho,sneicholw@behance.net,Male,25.119.198.13
890,Leonardo,Ineson,linesonlx@apple.com,Male,203.114.71.232
891,Dallis,Gilhespy,dgilhespyly@mozilla.org,Male,63.106.65.157
892,Colet,Meletti,cmelettilz@irs.gov,Male,134.7.227.31
893,Dani,Rickwood,drickwoodm0@a8.net,Male,132.193.106.250
894,Arabella,Schoenrock,aschoenrockm1@simplemachines.org,Polygender,36.75.235.126
895,Cicely,Roskams,croskamsm2@elpais.com,Female,151.134.32.98
896,Dode,Englishby,denglishbym3@soup.io,Female,152.56.22.180
897,Car,Vivers,cviversm4@intel.com,Male,211.17.44.36
898,Mufi,Gajewski,mgajewskim5@wisc.edu,Female,18.30.114.252
899,Kore,Zavittieri,kzavittierim6@auda.org.au,Agender,100.155.143.232
900,Millicent,Ferreri,mferrerim7@blogtalkradio.com,Female,8.239.1.144
901,Lulu,Huggett,lhuggettm8@rambler.ru,Female,169.229.143.87
902,Berty,Cleal,bclealm9@taobao.com,Male,26.209.105.36
903,Woodrow,Argent,wargentma@vkontakte.ru,Male,85.90.212.253
904,Roz,Irwin,rirwinmb@wordpress.com,Female,255.18.128.143
905,Saudra,Pallas,spallasmc@yandex.ru,Female,36.220.26.36
906,Lorraine,Challiss,lchallissmd@cyberchimps.com,Female,248.207.10.42
907,Raddie,McNulty,rmcnultyme@theatlantic.com,Male,157.84.112.149
908,Hyacintha,Ligoe,hligoemf@netlog.com,Female,28.208.203.117
909,Shaylah,Kenney,skenneymg@lycos.com,Female,170.203.30.143
910,Henka,Skiggs,hskiggsmh@usgs.gov,Female,6.183.225.97
911,Lelia,Lettice,lletticemi@ocn.ne.jp,Female,205.43.86.153
912,Lyndel,Hause,lhausemj@rediff.com,Female,190.92.69.95
913,Ebeneser,Sudy,esudymk@ted.com,Male,205.94.217.74
914,Aura,Vowell,avowellml@sakura.ne.jp,Female,141.87.9.59
915,Joella,Bartrap,jbartrapmm@irs.gov,Female,137.33.127.220
916,Humfried,Morling,hmorlingmn@cargocollective.com,Male,251.52.31.11
917,Kass,Banbridge,kbanbridgemo@imageshack.us,Female,202.128.207.186
918,Hamilton,Capper,hcappermp@alexa.com,Male,137.234.195.234
919,Blair,Fackney,bfackneymq@wired.com,Female,224.251.97.141
920,Osmund,Deniscke,odenisckemr@multiply.com,Male,140.179.196.183
921,Janine,Littleproud,jlittleproudms@uiuc.edu,Female,246.222.31.80
922,Coriss,Gathercole,cgathercolemt@acquirethisname.com,Bigender,212.70.99.42
923,Esta,Bront,ebrontmu@globo.com,Female,20.125.22.86
924,Rodolph,Vause,rvausemv@nhs.uk,Male,132.89.197.35
925,Jaquith,Scantleberry,jscantleberrymw@a8.net,Female,71.32.158.237
926,Freida,Saunter,fsauntermx@alibaba.com,Female,118.128.115.156
927,Marv,Tyrie,mtyriemy@nature.com,Male,101.164.175.92
928,Babette,Izzat,bizzatmz@toplist.cz,Polygender,117.54.39.52
929,Peta,Bergeau,pbergeaun0@adobe.com,Female,186.147.107.102
930,Nolly,Preene,npreenen1@independent.co.uk,Agender,233.226.215.208
931,Baxy,O'Nion,bonionn2@time.com,Male,241.78.128.41
932,Taddeusz,A'Barrow,tabarrown3@statcounter.com,Male,91.170.186.102
933,Josephina,Ferrara,jferraran4@squidoo.com,Female,96.0.248.183
934,Zebadiah,Spurryer,zspurryern5@ustream.tv,Male,37.246.240.236
935,Flemming,Gamett,fgamettn6@redcross.org,Male,37.229.225.68
936,Fanchette,Barrow,fbarrown7@chronoengine.com,Female,75.60.162.110
937,Giacopo,Worsalls,gworsallsn8@ocn.ne.jp,Male,197.24.90.125
938,Trace,Leatham,tleathamn9@pbs.org,Male,49.134.230.115
939,Nicolea,Cutsforth,ncutsforthna@state.gov,Genderqueer,1.128.94.16
940,Meredith,Housegoe,mhousegoenb@yellowpages.com,Bigender,183.149.70.12
941,Annabel,Squibb,asquibbnc@unc.edu,Female,139.166.207.114
942,Rene,Dungey,rdungeynd@clickbank.net,Male,213.2.10.147
943,Olva,Matuszkiewicz,omatuszkiewiczne@booking.com,Agender,58.28.120.14
944,Lyndsay,Janssens,ljanssensnf@msn.com,Female,217.202.69.243
945,Harry,Mapledoram,hmapledoramng@gravatar.com,Male,141.59.187.42
946,Nessie,Tuddenham,ntuddenhamnh@mit.edu,Female,167.201.93.254
947,Shanta,Baulk,sbaulkni@va.gov,Female,188.214.15.107
948,Kacey,Dungee,kdungeenj@hibu.com,Female,106.47.180.94
949,Dalis,Brant,dbrantnk@elpais.com,Male,223.116.204.173
950,Alvy,Bartoletti,abartolettinl@cocolog-nifty.com,Male,37.14.105.51
951,Codi,Whetland,cwhetlandnm@mediafire.com,Male,201.86.53.44
952,Hillery,Andrzejewski,handrzejewskinn@topsy.com,Male,14.70.90.11
953,Barnie,Ashall,bashallno@livejournal.com,Male,60.12.33.186
954,Mel,Brannon,mbrannonnp@yahoo.com,Male,163.84.170.86
955,Noll,Patria,npatrianq@biglobe.ne.jp,Male,158.45.53.145
956,Dean,Branson,dbransonnr@macromedia.com,Male,172.60.151.206
957,Crin,Shmyr,cshmyrns@aol.com,Female,87.13.163.87
958,Hermie,Piller,hpillernt@plala.or.jp,Male,142.77.27.152
959,Forrest,Stockau,fstockaunu@google.com,Male,232.205.236.37
960,Alphonse,Bewsey,abewseynv@soup.io,Genderqueer,158.234.57.3
961,Alley,Merrell,amerrellnw@vimeo.com,Male,21.183.63.255
962,Angie,Corbett,acorbettnx@ovh.net,Male,229.67.19.129
963,Tami,Corser,tcorserny@newsvine.com,Female,153.128.162.196
964,Edgar,Bartholomaus,ebartholomausnz@mayoclinic.com,Male,250.159.165.239
965,Cherey,Stimson,cstimsono0@yellowbook.com,Female,159.228.113.212
966,Davie,Manicomb,dmanicombo1@tripod.com,Male,3.163.133.83
967,Tawsha,Ovens,tovenso2@xrea.com,Female,186.62.176.182
968,Ignacius,Prince,iprinceo3@wisc.edu,Male,245.39.145.145
969,Charo,Corsan,ccorsano4@soup.io,Female,230.128.18.120
970,Paton,Blanche,pblancheo5@arstechnica.com,Male,161.11.173.233
971,Reginald,Pillifant,rpillifanto6@mapquest.com,Male,114.227.110.2
972,Whit,Fossick,wfossicko7@europa.eu,Male,171.225.173.17
973,Fremont,Tebbs,ftebbso8@prlog.org,Male,157.0.148.143
974,Isabel,Sheen,isheeno9@odnoklassniki.ru,Female,206.144.254.183
975,Doralynne,Portch,dportchoa@auda.org.au,Female,139.167.246.179
976,Wiley,Nowakowski,wnowakowskiob@chron.com,Male,51.43.188.225
977,Stanislaw,Riseam,sriseamoc@businesswire.com,Male,166.171.124.16
978,Cloris,Marriot,cmarriotod@chicagotribune.com,Female,65.44.123.11
979,Sherry,Vanyarkin,svanyarkinoe@barnesandnoble.com,Female,92.95.48.191
980,Jodi,Arnow,jarnowof@liveinternet.ru,Female,3.117.176.124
981,Jozef,Mordaunt,jmordauntog@dmoz.org,Male,176.2.4.247
982,Clementius,Adiscot,cadiscotoh@exblog.jp,Male,85.127.187.130
983,Annalise,Varah,avarahoi@loc.gov,Female,147.247.7.226
984,Goober,Skirlin,gskirlinoj@nytimes.com,Male,52.190.203.207
985,Hildy,Ruddiman,hruddimanok@google.pl,Female,181.27.155.220
986,Jameson,Loads,jloadsol@hibu.com,Male,35.242.166.31
987,Hewett,Mowsley,hmowsleyom@amazon.de,Genderfluid,152.0.69.125
988,Sammy,Lambal,slambalon@columbia.edu,Female,185.187.148.52
989,Fenelia,Gouinlock,fgouinlockoo@google.co.jp,Genderqueer,222.2.130.62
990,Biddy,Gittins,bgittinsop@cnn.com,Female,232.218.242.108
991,Willdon,MacIlwrick,wmacilwrickoq@loc.gov,Male,16.15.80.101
992,Joann,Mehmet,jmehmetor@google.es,Female,197.17.76.38
993,Milo,Brusby,mbrusbyos@zdnet.com,Male,121.229.187.219
994,Liesa,MacAree,lmacareeot@opera.com,Female,253.126.53.149
995,Stanislaus,Cromb,scrombou@yahoo.com,Male,249.120.159.43
996,Enrichetta,Thying,ethyingov@printfriendly.com,Bigender,212.90.182.114
997,Sheba,Carson,scarsonow@freewebs.com,Female,60.249.153.92
998,Henrieta,McQuorkel,hmcquorkelox@imgur.com,Female,196.63.122.15
999,Shalna,Grzesiewicz,sgrzesiewiczoy@tripod.com,Female,36.96.108.169
1000,Hailee,Bernadon,hbernadonoz@unesco.org,Female,245.167.111.173
1001,Mylo,Haws,mhawsp0@4shared.com,Male,194.77.177.183
1002,Fairlie,Gehrels,fgehrelsp1@digg.com,Male,244.57.67.17
1003,Katrina,Speeks,kspeeksp2@shinystat.com,Female,209.171.106.147
1004,Randal,Redolfi,rredolfip3@hp.com,Male,31.239.211.83
1005,Zachariah,Altree,zaltreep4@buzzfeed.com,Male,174.251.213.174
1006,Rochell,Rushforth,rrushforthp5@sphinn.com,Female,20.214.26.202
1007,Dolorita,Beumant,dbeumantp6@people.com.cn,Female,89.225.182.201
1008,Giusto,Drewitt,gdrewittp7@slideshare.net,Male,246.16.148.77
1009,Mitchael,Filippozzi,mfilippozzip8@dailymail.co.uk,Male,25.53.27.44
1010,Angelina,Tommasuzzi,atommasuzzip9@hexun.com,Female,125.19.36.99
1011,Darsie,Pancoast,dpancoastpa@wiley.com,Female,193.95.172.24
1012,Gwenore,Caws,gcawspb@vimeo.com,Female,168.122.165.191
1013,Marcus,Nund,mnundpc@fema.gov,Male,216.201.18.5
1014,Trace,Luipold,tluipoldpd@ezinearticles.com,Male,235.232.63.10
1015,Padraic,Bernon,pbernonpe@redcross.org,Male,168.36.226.22
1016,Gerald,Ibbetson,gibbetsonpf@amazon.co.jp,Male,50.50.144.150
1017,Evelyn,Browell,ebrowellpg@ovh.net,Genderfluid,12.81.60.197
1018,Noni,Bradden,nbraddenph@boston.com,Agender,179.33.59.151
1019,Daniella,Durnall,ddurnallpi@virginia.edu,Female,40.13.7.69
1020,Chet,Aleksashin,caleksashinpj@lulu.com,Non-binary,167.174.162.169
1021,Lilllie,Moon,lmoonpk@so-net.ne.jp,Female,107.252.131.34
1022,Nettle,Moorcraft,nmoorcraftpl@telegraph.co.uk,Genderqueer,87.189.206.10
1023,Hasty,Cicconetti,hcicconettipm@imdb.com,Male,237.136.210.97
1024,Fredra,Keig,fkeigpn@twitpic.com,Female,232.237.216.59
1025,Shelagh,Levington,slevingtonpo@columbia.edu,Female,234.215.213.171
1026,Emery,McIan,emcianpp@feedburner.com,Male,145.100.225.60
1027,Maryann,Keitley,mkeitleypq@archive.org,Female,91.34.7.251
1028,Bernardina,Fedynski,bfedynskipr@apple.com,Female,201.84.165.92
1029,Maia,Roxby,mroxbyps@mozilla.com,Female,204.142.143.171
1030,Paolina,Megainey,pmegaineypt@europa.eu,Female,35.153.32.0
1031,Ernst,Riggs,eriggspu@europa.eu,Male,239.157.107.128
1032,Felipe,Dragge,fdraggepv@opensource.org,Male,78.177.66.199
1033,Ethelbert,Gyer,egyerpw@123-reg.co.uk,Male,248.179.96.192
1034,Hewe,Doorly,hdoorlypx@nationalgeographic.com,Male,150.143.25.227
1035,Martainn,Harvatt,mharvattpy@a8.net,Male,3.193.76.179
1036,Raoul,Le Estut,rleestutpz@nydailynews.com,Male,190.86.6.94
1037,Durante,Surgen,dsurgenq0@hao123.com,Male,145.159.49.110
1038,Darren,Yoell,dyoellq1@youtube.com,Male,78.215.200.126
1039,Rolfe,Melsome,rmelsomeq2@storify.com,Male,144.183.168.227
1040,Brigham,Goldstein,bgoldsteinq3@symantec.com,Male,2.91.33.50
1041,Thadeus,Swendell,tswendellq4@simplemachines.org,Male,103.159.134.145
1042,Rowney,Pentercost,rpentercostq5@netlog.com,Male,246.252.228.168
1043,Finley,Fairlaw,ffairlawq6@apache.org,Genderfluid,216.27.192.212
1044,Grover,Jellman,gjellmanq7@amazon.co.uk,Male,174.55.127.167
1045,Blair,De Blasio,bdeblasioq8@meetup.com,Male,70.139.36.235
1046,Brenden,Imlin,bimlinq9@forbes.com,Male,22.54.7.148
1047,Krisha,Alp,kalpqa@hc360.com,Male,217.248.162.175
1048,Adlai,Root,arootqb@1688.com,Male,213.222.183.200
1049,Batsheva,Scotting,bscottingqc@icio.us,Female,156.25.213.23
1050,Finley,Kiehl,fkiehlqd@phoca.cz,Male,103.87.235.202
1051,Dorrie,Geddes,dgeddesqe@technorati.com,Female,129.35.193.165
1052,Devinne,Grieveson,dgrievesonqf@fastcompany.com,Female,222.206.30.100
1053,Travus,Hazelgrove,thazelgroveqg@ucsd.edu,Male,21.194.138.100
1054,Cassi,De Mico,cdemicoqh@cisco.com,Female,58.13.37.206
1055,Karen,Housiaux,khousiauxqi@nyu.edu,Female,95.37.23.216
1056,Hardy,Lawee,hlaweeqj@usgs.gov,Male,187.24.235.134
1057,Edgar,Humerstone,ehumerstoneqk@army.mil,Male,153.69.153.66
1058,Elsi,Marrow,emarrowql@nydailynews.com,Female,23.54.108.137
1059,Cherilynn,Clavey,cclaveyqm@t.co,Female,182.9.47.129
1060,Joyan,De Benedictis,jdebenedictisqn@merriam-webster.com,Female,157.238.133.56
1061,Andrew,Lodovichi,alodovichiqo@deliciousdays.com,Male,198.184.187.86
1062,Erminie,Tapper,etapperqp@google.com,Bigender,133.118.158.70
1063,Alick,Merriott,amerriottqq@smh.com.au,Male,247.82.197.205
1064,Arlie,Berka,aberkaqr@istockphoto.com,Female,108.158.238.151
1065,Ly,Durham,ldurhamqs@mayoclinic.com,Male,35.20.10.148
1066,Roselle,Dun,rdunqt@behance.net,Female,198.47.162.5
1067,Duffy,Drought,ddroughtqu@yahoo.com,Male,3.64.174.233
1068,Karita,Averill,kaverillqv@sphinn.com,Female,157.253.238.62
1069,Alanah,Lorraway,alorrawayqw@freewebs.com,Female,252.122.122.242
1070,Meghan,Croose,mcrooseqx@tinypic.com,Female,52.208.84.163
1071,Gerri,Mandifield,gmandifieldqy@noaa.gov,Male,86.138.73.169
1072,Florella,Paolillo,fpaolilloqz@webs.com,Female,16.120.179.93
1073,Helli,Demelt,hdemeltr0@mlb.com,Female,33.42.202.247
1074,Loreen,Brimilcombe,lbrimilcomber1@histats.com,Female,89.208.162.77
1075,Eleanore,MacHoste,emachoster2@google.com.hk,Female,47.170.119.87
1076,Emily,Diwell,ediwellr3@nytimes.com,Female,56.31.98.153
1077,Filippo,Mellor,fmellorr4@indiatimes.com,Male,186.106.185.4
1078,Eberto,Melody,emelodyr5@vkontakte.ru,Male,193.124.248.28
1079,Dee,Duckerin,dduckerinr6@hubpages.com,Female,200.252.93.165
1080,Henrietta,Abrahim,habrahimr7@yahoo.co.jp,Female,70.166.27.214
1081,Sandro,Drinnan,sdrinnanr8@example.com,Male,136.128.153.110
1082,Catarina,Brocklesby,cbrocklesbyr9@tumblr.com,Female,173.113.184.139
1083,Livvie,Barszczewski,lbarszczewskira@hugedomains.com,Female,125.55.139.52
1084,Pepita,Borchardt,pborchardtrb@wunderground.com,Female,225.10.226.126
1085,Oralie,Burnell,oburnellrc@weibo.com,Female,207.51.214.10
1086,Cassaundra,Oppy,coppyrd@slate.com,Female,12.98.242.76
1087,Ulberto,Swayne,uswaynere@webeden.co.uk,Male,201.17.58.173
1088,Albertine,Domican,adomicanrf@upenn.edu,Female,6.86.189.98
1089,Gerti,Hankinson,ghankinsonrg@nydailynews.com,Female,105.37.57.200
1090,Alva,Brunstan,abrunstanrh@weather.com,Male,204.100.242.96
1091,Raffarty,Klimkiewich,rklimkiewichri@slideshare.net,Male,125.13.93.238
1092,Nady,Gryglewski,ngryglewskirj@state.tx.us,Female,70.237.187.126
1093,Pebrook,Whybrow,pwhybrowrk@yahoo.co.jp,Male,132.233.145.175
1094,Denney,Spriggin,dsprigginrl@mlb.com,Male,191.47.12.172
1095,Minne,Ilymanov,milymanovrm@bandcamp.com,Female,179.114.232.103
1096,Chrissie,Jaynes,cjaynesrn@who.int,Female,223.219.173.183
1097,Olivette,Groome,ogroomero@flavors.me,Female,70.221.76.166
1098,Alethea,Lamkin,alamkinrp@cyberchimps.com,Female,17.251.101.200
1099,Joy,Bransom,jbransomrq@cdc.gov,Female,146.251.63.158
1100,Malia,Egiloff,megiloffrr@blog.com,Female,100.188.146.185
